Student's First name,Student's Last name,Username,Password,Class key
Perf Child 1401,Test,perfchild_act_0410_s1_1401,Compro11,8iog-4N9K
Perf Child 1402,Test,perfchild_act_0410_s1_1402,Compro11,M8VP-d6dr
Perf Child 1403,Test,perfchild_act_0410_s1_1403,Compro11,hbrw-sbh2
Perf Child 1404,Test,perfchild_act_0410_s1_1404,Compro11,3G9a-We94
Perf Child 1405,Test,perfchild_act_0410_s1_1405,Compro11,vy28-6pPL
Perf Child 1406,Test,perfchild_act_0410_s1_1406,Compro11,u68V-mbyo
Perf Child 1407,Test,perfchild_act_0410_s1_1407,Compro11,Nmo8-ozNK
Perf Child 1408,Test,perfchild_act_0410_s1_1408,Compro11,zjeQ-6Pnx
Perf Child 1409,Test,perfchild_act_0410_s1_1409,Compro11,6u3V-TueW
Perf Child 1410,Test,perfchild_act_0410_s1_1410,Compro11,p6nL-YGMr
Perf Child 1411,Test,perfchild_act_0410_s1_1411,Compro11,XeR9-sQ7d
Perf Child 1412,Test,perfchild_act_0410_s1_1412,Compro11,nc7g-Jtcq
Perf Child 1413,Test,perfchild_act_0410_s1_1413,Compro11,9DQZ-Xd8y
Perf Child 1414,Test,perfchild_act_0410_s1_1414,Compro11,zUai-vE47
Perf Child 1415,Test,perfchild_act_0410_s1_1415,Compro11,kLVo-9qsg
Perf Child 1416,Test,perfchild_act_0410_s1_1416,Compro11,aq9A-QH7W
Perf Child 1417,Test,perfchild_act_0410_s1_1417,Compro11,MdQ3-V7ZN
Perf Child 1418,Test,perfchild_act_0410_s1_1418,Compro11,32f2-xpYh
Perf Child 1419,Test,perfchild_act_0410_s1_1419,Compro11,4mB9-b4Ke
Perf Child 1420,Test,perfchild_act_0410_s1_1420,Compro11,c8Km-th2n
Perf Child 1421,Test,perfchild_act_0410_s1_1421,Compro11,29E7-HyUd
Perf Child 1422,Test,perfchild_act_0410_s1_1422,Compro11,V36b-7kZ3
Perf Child 1423,Test,perfchild_act_0410_s1_1423,Compro11,6WK6-zbiB
Perf Child 1424,Test,perfchild_act_0410_s1_1424,Compro11,3kMX-vCWL
Perf Child 1425,Test,perfchild_act_0410_s1_1425,Compro11,yT2i-eVGT
Perf Child 1426,Test,perfchild_act_0410_s1_1426,Compro11,NizM-mCqy
Perf Child 1427,Test,perfchild_act_0410_s1_1427,Compro11,v328-jCV2
Perf Child 1428,Test,perfchild_act_0410_s1_1428,Compro11,QxD7-KMqt
Perf Child 1429,Test,perfchild_act_0410_s1_1429,Compro11,3Q8v-8j36
Perf Child 1430,Test,perfchild_act_0410_s1_1430,Compro11,8Ne7-Q3X3
Perf Child 1431,Test,perfchild_act_0410_s1_1431,Compro11,eX4v-TKWk
Perf Child 1432,Test,perfchild_act_0410_s1_1432,Compro11,we8Y-4f6y
Perf Child 1433,Test,perfchild_act_0410_s1_1433,Compro11,4Vj9-ktN7
Perf Child 1434,Test,perfchild_act_0410_s1_1434,Compro11,BX4y-vR67
Perf Child 1435,Test,perfchild_act_0410_s1_1435,Compro11,3dq7-Gwxp
Perf Child 1436,Test,perfchild_act_0410_s1_1436,Compro11,Jsv2-DMgt
Perf Child 1437,Test,perfchild_act_0410_s1_1437,Compro11,9mw9-xHYU
Perf Child 1438,Test,perfchild_act_0410_s1_1438,Compro11,8eYV-NriP
Perf Child 1439,Test,perfchild_act_0410_s1_1439,Compro11,W436-4WKN
Perf Child 1440,Test,perfchild_act_0410_s1_1440,Compro11,2pkg-if4W
Perf Child 1441,Test,perfchild_act_0410_s1_1441,Compro11,J84V-CsJ6
Perf Child 1442,Test,perfchild_act_0410_s1_1442,Compro11,w68k-4K8T
Perf Child 1443,Test,perfchild_act_0410_s1_1443,Compro11,4HnK-G8oa
Perf Child 1444,Test,perfchild_act_0410_s1_1444,Compro11,n4kh-Qo8P
Perf Child 1445,Test,perfchild_act_0410_s1_1445,Compro11,CE4R-Lsgb
Perf Child 1446,Test,perfchild_act_0410_s1_1446,Compro11,K2f2-4BvH
Perf Child 1447,Test,perfchild_act_0410_s1_1447,Compro11,47vU-67G6
Perf Child 1448,Test,perfchild_act_0410_s1_1448,Compro11,Jp2m-G4RG
Perf Child 1449,Test,perfchild_act_0410_s1_1449,Compro11,c4kd-Nv43
Perf Child 1450,Test,perfchild_act_0410_s1_1450,Compro11,6CfC-ArTw
Perf Child 1451,Test,perfchild_act_0410_s1_1451,Compro11,Eyq4-Kchg
Perf Child 1452,Test,perfchild_act_0410_s1_1452,Compro11,jtqh-niGf
Perf Child 1453,Test,perfchild_act_0410_s1_1453,Compro11,v2W2-KB97
Perf Child 1454,Test,perfchild_act_0410_s1_1454,Compro11,4867-3TeC
Perf Child 1455,Test,perfchild_act_0410_s1_1455,Compro11,n7F3-73TR
Perf Child 1456,Test,perfchild_act_0410_s1_1456,Compro11,EP2t-a6bG
Perf Child 1457,Test,perfchild_act_0410_s1_1457,Compro11,2zv8-n3pW
Perf Child 1458,Test,perfchild_act_0410_s1_1458,Compro11,pkC8-m7By
Perf Child 1459,Test,perfchild_act_0410_s1_1459,Compro11,j6Nf-8v6q
Perf Child 1460,Test,perfchild_act_0410_s1_1460,Compro11,A37j-2Ho8
Perf Child 1461,Test,perfchild_act_0410_s1_1461,Compro11,a62M-oc79
Perf Child 1462,Test,perfchild_act_0410_s1_1462,Compro11,xF38-zYXj
Perf Child 1463,Test,perfchild_act_0410_s1_1463,Compro11,73Ni-73E9
Perf Child 1464,Test,perfchild_act_0410_s1_1464,Compro11,4Aop-xXgw
Perf Child 1465,Test,perfchild_act_0410_s1_1465,Compro11,nxYG-rw4U
Perf Child 1466,Test,perfchild_act_0410_s1_1466,Compro11,4zE2-EKQX
Perf Child 1467,Test,perfchild_act_0410_s1_1467,Compro11,282x-iXR8
Perf Child 1468,Test,perfchild_act_0410_s1_1468,Compro11,MprX-7J6y
Perf Child 1469,Test,perfchild_act_0410_s1_1469,Compro11,pFPD-gc8n
Perf Child 1470,Test,perfchild_act_0410_s1_1470,Compro11,627n-oM2P
Perf Child 1471,Test,perfchild_act_0410_s1_1471,Compro11,R6Zh-GKvc
Perf Child 1472,Test,perfchild_act_0410_s1_1472,Compro11,3Hte-j4Gr
Perf Child 1473,Test,perfchild_act_0410_s1_1473,Compro11,wy62-jwoH
Perf Child 1474,Test,perfchild_act_0410_s1_1474,Compro11,79uc-6pkX
Perf Child 1475,Test,perfchild_act_0410_s1_1475,Compro11,dX7E-pRp3
Perf Child 1476,Test,perfchild_act_0410_s1_1476,Compro11,Ks4Q-DQjb
Perf Child 1477,Test,perfchild_act_0410_s1_1477,Compro11,kbg2-78Gd
Perf Child 1478,Test,perfchild_act_0410_s1_1478,Compro11,rf6Z-io4Y
Perf Child 1479,Test,perfchild_act_0410_s1_1479,Compro11,v7kq-zsdj
Perf Child 1480,Test,perfchild_act_0410_s1_1480,Compro11,QgjT-f4y8
Perf Child 1481,Test,perfchild_act_0410_s1_1481,Compro11,8iog-4N9K
Perf Child 1482,Test,perfchild_act_0410_s1_1482,Compro11,M8VP-d6dr
Perf Child 1483,Test,perfchild_act_0410_s1_1483,Compro11,hbrw-sbh2
Perf Child 1484,Test,perfchild_act_0410_s1_1484,Compro11,3G9a-We94
Perf Child 1485,Test,perfchild_act_0410_s1_1485,Compro11,vy28-6pPL
Perf Child 1486,Test,perfchild_act_0410_s1_1486,Compro11,u68V-mbyo
Perf Child 1487,Test,perfchild_act_0410_s1_1487,Compro11,Nmo8-ozNK
Perf Child 1488,Test,perfchild_act_0410_s1_1488,Compro11,zjeQ-6Pnx
Perf Child 1489,Test,perfchild_act_0410_s1_1489,Compro11,6u3V-TueW
Perf Child 1490,Test,perfchild_act_0410_s1_1490,Compro11,p6nL-YGMr
Perf Child 1491,Test,perfchild_act_0410_s1_1491,Compro11,XeR9-sQ7d
Perf Child 1492,Test,perfchild_act_0410_s1_1492,Compro11,nc7g-Jtcq
Perf Child 1493,Test,perfchild_act_0410_s1_1493,Compro11,9DQZ-Xd8y
Perf Child 1494,Test,perfchild_act_0410_s1_1494,Compro11,zUai-vE47
Perf Child 1495,Test,perfchild_act_0410_s1_1495,Compro11,kLVo-9qsg
Perf Child 1496,Test,perfchild_act_0410_s1_1496,Compro11,aq9A-QH7W
Perf Child 1497,Test,perfchild_act_0410_s1_1497,Compro11,MdQ3-V7ZN
Perf Child 1498,Test,perfchild_act_0410_s1_1498,Compro11,32f2-xpYh
Perf Child 1499,Test,perfchild_act_0410_s1_1499,Compro11,4mB9-b4Ke
Perf Child 1500,Test,perfchild_act_0410_s1_1500,Compro11,c8Km-th2n
Perf Child 1501,Test,perfchild_act_0410_s1_1501,Compro11,29E7-HyUd
Perf Child 1502,Test,perfchild_act_0410_s1_1502,Compro11,V36b-7kZ3
Perf Child 1503,Test,perfchild_act_0410_s1_1503,Compro11,6WK6-zbiB
Perf Child 1504,Test,perfchild_act_0410_s1_1504,Compro11,3kMX-vCWL
Perf Child 1505,Test,perfchild_act_0410_s1_1505,Compro11,yT2i-eVGT
Perf Child 1506,Test,perfchild_act_0410_s1_1506,Compro11,NizM-mCqy
Perf Child 1507,Test,perfchild_act_0410_s1_1507,Compro11,v328-jCV2
Perf Child 1508,Test,perfchild_act_0410_s1_1508,Compro11,QxD7-KMqt
Perf Child 1509,Test,perfchild_act_0410_s1_1509,Compro11,3Q8v-8j36
Perf Child 1510,Test,perfchild_act_0410_s1_1510,Compro11,8Ne7-Q3X3
Perf Child 1511,Test,perfchild_act_0410_s1_1511,Compro11,eX4v-TKWk
Perf Child 1512,Test,perfchild_act_0410_s1_1512,Compro11,we8Y-4f6y
Perf Child 1513,Test,perfchild_act_0410_s1_1513,Compro11,4Vj9-ktN7
Perf Child 1514,Test,perfchild_act_0410_s1_1514,Compro11,BX4y-vR67
Perf Child 1515,Test,perfchild_act_0410_s1_1515,Compro11,3dq7-Gwxp
Perf Child 1516,Test,perfchild_act_0410_s1_1516,Compro11,Jsv2-DMgt
Perf Child 1517,Test,perfchild_act_0410_s1_1517,Compro11,9mw9-xHYU
Perf Child 1518,Test,perfchild_act_0410_s1_1518,Compro11,8eYV-NriP
Perf Child 1519,Test,perfchild_act_0410_s1_1519,Compro11,W436-4WKN
Perf Child 1520,Test,perfchild_act_0410_s1_1520,Compro11,2pkg-if4W
Perf Child 1521,Test,perfchild_act_0410_s1_1521,Compro11,J84V-CsJ6
Perf Child 1522,Test,perfchild_act_0410_s1_1522,Compro11,w68k-4K8T
Perf Child 1523,Test,perfchild_act_0410_s1_1523,Compro11,4HnK-G8oa
Perf Child 1524,Test,perfchild_act_0410_s1_1524,Compro11,n4kh-Qo8P
Perf Child 1525,Test,perfchild_act_0410_s1_1525,Compro11,CE4R-Lsgb
Perf Child 1526,Test,perfchild_act_0410_s1_1526,Compro11,K2f2-4BvH
Perf Child 1527,Test,perfchild_act_0410_s1_1527,Compro11,47vU-67G6
Perf Child 1528,Test,perfchild_act_0410_s1_1528,Compro11,Jp2m-G4RG
Perf Child 1529,Test,perfchild_act_0410_s1_1529,Compro11,c4kd-Nv43
Perf Child 1530,Test,perfchild_act_0410_s1_1530,Compro11,6CfC-ArTw
Perf Child 1531,Test,perfchild_act_0410_s1_1531,Compro11,Eyq4-Kchg
Perf Child 1532,Test,perfchild_act_0410_s1_1532,Compro11,jtqh-niGf
Perf Child 1533,Test,perfchild_act_0410_s1_1533,Compro11,v2W2-KB97
Perf Child 1534,Test,perfchild_act_0410_s1_1534,Compro11,4867-3TeC
Perf Child 1535,Test,perfchild_act_0410_s1_1535,Compro11,n7F3-73TR
Perf Child 1536,Test,perfchild_act_0410_s1_1536,Compro11,EP2t-a6bG
Perf Child 1537,Test,perfchild_act_0410_s1_1537,Compro11,2zv8-n3pW
Perf Child 1538,Test,perfchild_act_0410_s1_1538,Compro11,pkC8-m7By
Perf Child 1539,Test,perfchild_act_0410_s1_1539,Compro11,j6Nf-8v6q
Perf Child 1540,Test,perfchild_act_0410_s1_1540,Compro11,A37j-2Ho8
Perf Child 1541,Test,perfchild_act_0410_s1_1541,Compro11,a62M-oc79
Perf Child 1542,Test,perfchild_act_0410_s1_1542,Compro11,xF38-zYXj
Perf Child 1543,Test,perfchild_act_0410_s1_1543,Compro11,73Ni-73E9
Perf Child 1544,Test,perfchild_act_0410_s1_1544,Compro11,4Aop-xXgw
Perf Child 1545,Test,perfchild_act_0410_s1_1545,Compro11,nxYG-rw4U
Perf Child 1546,Test,perfchild_act_0410_s1_1546,Compro11,4zE2-EKQX
Perf Child 1547,Test,perfchild_act_0410_s1_1547,Compro11,282x-iXR8
Perf Child 1548,Test,perfchild_act_0410_s1_1548,Compro11,MprX-7J6y
Perf Child 1549,Test,perfchild_act_0410_s1_1549,Compro11,pFPD-gc8n
Perf Child 1550,Test,perfchild_act_0410_s1_1550,Compro11,627n-oM2P
Perf Child 1551,Test,perfchild_act_0410_s1_1551,Compro11,R6Zh-GKvc
Perf Child 1552,Test,perfchild_act_0410_s1_1552,Compro11,3Hte-j4Gr
Perf Child 1553,Test,perfchild_act_0410_s1_1553,Compro11,wy62-jwoH
Perf Child 1554,Test,perfchild_act_0410_s1_1554,Compro11,79uc-6pkX
Perf Child 1555,Test,perfchild_act_0410_s1_1555,Compro11,dX7E-pRp3
Perf Child 1556,Test,perfchild_act_0410_s1_1556,Compro11,Ks4Q-DQjb
Perf Child 1557,Test,perfchild_act_0410_s1_1557,Compro11,kbg2-78Gd
Perf Child 1558,Test,perfchild_act_0410_s1_1558,Compro11,rf6Z-io4Y
Perf Child 1559,Test,perfchild_act_0410_s1_1559,Compro11,v7kq-zsdj
Perf Child 1560,Test,perfchild_act_0410_s1_1560,Compro11,QgjT-f4y8
Perf Child 1561,Test,perfchild_act_0410_s1_1561,Compro11,8iog-4N9K
Perf Child 1562,Test,perfchild_act_0410_s1_1562,Compro11,M8VP-d6dr
Perf Child 1563,Test,perfchild_act_0410_s1_1563,Compro11,hbrw-sbh2
Perf Child 1564,Test,perfchild_act_0410_s1_1564,Compro11,3G9a-We94
Perf Child 1565,Test,perfchild_act_0410_s1_1565,Compro11,vy28-6pPL
Perf Child 1566,Test,perfchild_act_0410_s1_1566,Compro11,u68V-mbyo
Perf Child 1567,Test,perfchild_act_0410_s1_1567,Compro11,Nmo8-ozNK
Perf Child 1568,Test,perfchild_act_0410_s1_1568,Compro11,zjeQ-6Pnx
Perf Child 1569,Test,perfchild_act_0410_s1_1569,Compro11,6u3V-TueW
Perf Child 1570,Test,perfchild_act_0410_s1_1570,Compro11,p6nL-YGMr
Perf Child 1571,Test,perfchild_act_0410_s1_1571,Compro11,XeR9-sQ7d
Perf Child 1572,Test,perfchild_act_0410_s1_1572,Compro11,nc7g-Jtcq
Perf Child 1573,Test,perfchild_act_0410_s1_1573,Compro11,9DQZ-Xd8y
Perf Child 1574,Test,perfchild_act_0410_s1_1574,Compro11,zUai-vE47
Perf Child 1575,Test,perfchild_act_0410_s1_1575,Compro11,kLVo-9qsg
Perf Child 1576,Test,perfchild_act_0410_s1_1576,Compro11,aq9A-QH7W
Perf Child 1577,Test,perfchild_act_0410_s1_1577,Compro11,MdQ3-V7ZN
Perf Child 1578,Test,perfchild_act_0410_s1_1578,Compro11,32f2-xpYh
Perf Child 1579,Test,perfchild_act_0410_s1_1579,Compro11,4mB9-b4Ke
Perf Child 1580,Test,perfchild_act_0410_s1_1580,Compro11,c8Km-th2n
Perf Child 1581,Test,perfchild_act_0410_s1_1581,Compro11,29E7-HyUd
Perf Child 1582,Test,perfchild_act_0410_s1_1582,Compro11,V36b-7kZ3
Perf Child 1583,Test,perfchild_act_0410_s1_1583,Compro11,6WK6-zbiB
Perf Child 1584,Test,perfchild_act_0410_s1_1584,Compro11,3kMX-vCWL
Perf Child 1585,Test,perfchild_act_0410_s1_1585,Compro11,yT2i-eVGT
Perf Child 1586,Test,perfchild_act_0410_s1_1586,Compro11,NizM-mCqy
Perf Child 1587,Test,perfchild_act_0410_s1_1587,Compro11,v328-jCV2
Perf Child 1588,Test,perfchild_act_0410_s1_1588,Compro11,QxD7-KMqt
Perf Child 1589,Test,perfchild_act_0410_s1_1589,Compro11,3Q8v-8j36
Perf Child 1590,Test,perfchild_act_0410_s1_1590,Compro11,8Ne7-Q3X3
Perf Child 1591,Test,perfchild_act_0410_s1_1591,Compro11,eX4v-TKWk
Perf Child 1592,Test,perfchild_act_0410_s1_1592,Compro11,we8Y-4f6y
Perf Child 1593,Test,perfchild_act_0410_s1_1593,Compro11,4Vj9-ktN7
Perf Child 1594,Test,perfchild_act_0410_s1_1594,Compro11,BX4y-vR67
Perf Child 1595,Test,perfchild_act_0410_s1_1595,Compro11,3dq7-Gwxp
Perf Child 1596,Test,perfchild_act_0410_s1_1596,Compro11,Jsv2-DMgt
Perf Child 1597,Test,perfchild_act_0410_s1_1597,Compro11,9mw9-xHYU
Perf Child 1598,Test,perfchild_act_0410_s1_1598,Compro11,8eYV-NriP
Perf Child 1599,Test,perfchild_act_0410_s1_1599,Compro11,W436-4WKN
Perf Child 1600,Test,perfchild_act_0410_s1_1600,Compro11,2pkg-if4W