Product codes,Bundle codes
API_Team_Product_01,API_Team_Bundle_01
component-PE,Dev-Bundle-Mutable-ISBN
component-PE,Dev-Bundle-Mutable-ISBN-101
MAP-product-1,MAP-bundle-14-July-2020
testingTags,TestingTag-bundle
kjsdafhkjsd,abcd
ad3juntestumbrella1pe1,ad3juntestumbrella1
ad3juntestumbrella2pe1,ad3juntestumbrella2
ad_test_itemcode_pe,ad_test_itemcode
cqa_pe_7june19_2,admingated
adtest16junepe1,adtest16juneproduct1
adtestproduct25marpe1,adtestproduct25mar
adtest5sepebook211,adtestproduct6sep
adtestumbrella31may2022pe,adtestumbrella31may2022
adtestumbrella5may2022pe1,adtestumbrella5may2022
adtestumbrella6may2022pe1,adtestumbrella6may2022
adtestumbrella6may20221pe1,adtestumbrella6may20221
adtestumbrellaproductpe3,adtestumbrellaproduct
adult-lp1,adult-lp1
adult-lp2,adult-lp2
adult_1level,adult_umbrella_product
adultpe,adultbundle
adultpraticeextra1,adultbundleforadult
cqa_peforf_mc_copy,adultsecondarygroupenabled
adulttestc,adulttestcomponent
adventurestest,adventures
aka-2,aka-bundle
aka-2,aka-bundle-2
all-sub-type,all-sub-type-bundle-code
allrbpe1,allrb
ape1,allrb2
amitdevpe1,amitdev1
anil_march10_pe1,anil_march10_umbrella1
anmol_13_oct_2022_prac,anmol_13_oct_2022_03
anmol-test-pra,anmol_13_oct_demo-1
api-test-101-olp,api-test-101
api-test-product-may-21-2020,api-test-bundle-may-21-2020
apitestproduct1pe,apitestproduct1
apppracticeextra1,appsbundle3
mocktestapr1,aprtest1
ashish_test,ashish_bundle
ashuitemcodetest2mar2022_pe1,ashuitemcodetest2mar2022
qatestproduct26apr22pe,ashutestsegflagup1
ashutestup1_pe1,ashutestup1
ashutestup3pe1,ashutestup3
pskill_audio_course,audio_prompt_bundle
learning-practice-extra10-2-22,Aug-30-22
autocomproqatestproduct123clone1,autocomproqatestproduct123clone1_bundle
autologoutdemope,autologoutdemoup
automation_qa_product_pe,automation_qa_product
automationgroupprodpe,automationgroupprod
automationthorpe,automationthorproduct
automationthorpe,automationthorproduct-DO-NOT-USE DEV-BUNDLE
bnn,b-bnn1
b_cqa_hlp_7may19_1,b_cqa_hlp_7may19_1_bundle
olp_n_a,b_n_a
asdasd,bc-test-101
blue_devtest_pe_25may_1,blue_admin_umb_lo_25may_1
dev-taruna-23-sep,blue_devtest_ebook_28sept_2
blue_devtest_pe_11july_1,blue_devtest_umb_11july_1
blue_devtest_pe_12_oct_1,blue_devtest_umb_12_oct_1
blue_devtest_pe_12_oct_3,blue_devtest_umb_12_oct_2
blue_devtest_pe_12_oct_4,blue_devtest_umb_12_oct_3
blue_devtest_pe_28sept_1,blue_devtest_umb_28sept_1
blue_devtest_pe_28sept_4,blue_devtest_umb_28sept_2
blue_devtest_pe_4aug_1,blue_devtest_umb_4aug_1
blue_devtest_pe_7oct_1,blue_devtest_umb_7oct_1
blue_devtest_pe_9june_1,blue_devtest_umb_8june_1
blue_devtest_pe_expired_8sept_1,blue_devtest_umb_8sept_1
blue_devtest_pe_gated_8sept_2,blue_devtest_umb_gated_8sept_1
blue_ebook_expiry_test_pe_20_sept_1,blue_ebook_expiry_test_umb_20_sept_1
blue_expirytest_pe_12_oct_1,blue_expirytest_umb_12_oct_1
blue_expirytest_pe_12_oct_2,blue_expirytest_umb_12_oct_2
blue_expirytest_pe_hidden_13_oct_1,blue_expirytest_umb_hidden_13_oct_1
blue_expirytest_pe_soon_13_oct_1,blue_expirytest_umb_soon_13_oct_1
blue_expirytest_pe_visible_13_oct_3,blue_expirytest_umb_visible_13_oct_1
blue_expirytest_pe_visible_13_oct_4,blue_expirytest_umb_visible_13_oct_2
blue_guidedtour_pe_8nov_1,blue_guidedtour_umb_8nov_1
blue_lo_test_8ug_1,blue_lo_test_umb_8ug_1
blue_pe_expiry_test_24_jan_1,blue_multi_entitlement_24_jan_1
blue_pplus_expiry_test_pe_23_sept_1,blue_pplus_expiry_test_23_sept_1
blue_pplus_pe_umb1_1,blue_pplus_umbrella_product_1_30_aug
blue_pplus_pe_umb2_1,blue_pplus_umbrella_product_2_30_aug
blue_primary_pe_1_aug,blue_primary_product_1
blue_resulttest_pe_20_april,blue_resulttest_umb_20_april_1
blue_resulttest_pe_21_april,blue_resulttest_umb_21_april_1
blue_resulttest_pe_27_april_2,blue_resulttest_umb_27_april_1
blue_single_expired_pe_21_sept_1,blue_single_expired_book_21_sept_1
blue_pe_access_test_06_may_1,blue_umb_access_test_06_may_1
blue_pe_auto_update_test_15_feb_1,blue_umb_auto_update_test_15_feb_1
blue_pe_1_dev_training_01_04_1,blue_umb_dev_training_01_04_1
blue_devtest_pe_13june_1,blue_umb_devtest_13june_1
blue_pe_download_issue_1_fixes_1,blue_umb_download_issue_1_fixes_1
blue_pe_download_issue_2_fixes_1,blue_umb_download_issue_2_fixes_1
blue_pe_download_issue_3_fixes_1,blue_umb_download_issue_3_fixes_1
blue_pe_download_issue_4_fixes_1,blue_umb_download_issue_4_fixes_1
blue_pe_download_issue_fixes_1,blue_umb_download_issue_fixes_1
blue_devtest_pe_27may_1,blue_umb_expire_27may_1
blue_pe_expiry_test_25_nov_1,blue_umb_expiry_test_25_nov_1
blue_pe_lo_test_14_mar_1,blue_umb_lo_test_14_mar_1
blue_pe_lo_test_14_mar_2,blue_umb_lo_test_14_mar_2
blue_pe_lo_test_14_mar_3,blue_umb_lo_test_14_mar_3
blue_pe_lo_test_14_mar_4,blue_umb_lo_test_14_mar_4
blue_pe_lo_test_14_mar_5,blue_umb_lo_test_14_mar_5
blue_pe_multi_book_download_test_30_nov_1,blue_umb_multi_book_download_test_30_nov_1
blue_pe_expiry_test_24_jan_2,blue_umb_multi_entitlement_24_jan_3
blue_devtest_pe_30may_1,blue_umb_pplus_30may_1
blue_pe_pplus_expiry_2_dec_1,blue_umb_pplus_expiry_2_dec_1
blue_umb_single_book_pplus_pe,blue_umb_single_book_pplus
blue_pe1_visibility_flag_test_4_apr_1,blue_umb_visibility_flag_test_4_apr_1
blue_visibility_test_pe1_28_apr_1,blue_visibility_test_umb_28_apr_1
builder-fargate-spot-test-bundle,builder-fargate-spot-test-bundle
comproqa_hlp02,builderbundle01
comproqa_hlp06,builderbundle02
comproqa_hlp07,builderbundle03
comproqa_pe13,builderbundle06
builderbundle20pe,builderbundle20
cqa_pe_26june19_1_clone,builderbundle21
builderbundle21pe,builderbundle21a
builderbundle23pe,builderbundle23
builderbundle24pe,builderbundle24
buildersavetest01pe1,buildersavetest01
test-10-08,bunde_image
product-001,bundle-code-001
product-dev-test-01,bundle-dev-test-01
test_api_101,bundle_code_1_may_01
comproqa_hlp_5dec18_1,bundle_code_8_may-01
comproqa_testdata1,bundle_comproqa_testdata1
comproqa_testdata2,bundle_comproqa_testdata2
comproqa_testdata3,bundle_comproqa_testdata3
product_may_25_2020-1,bundle_may_25_2020-1
test_product_21_may,bundle_test_product_21_may
bundlecapproductpe1,bundlecapproduct
cqa_pe_24sept2021_1,bundlecommonbundley
c1-dev-course-tas1,c1-dev-course-tas1
c1-dev-tas2,c1-dev-tas-bundle
cambridge_primary_path3,cambridge_primary_path3_bundle
cambridge_primary_pathway,cambridge_primary_pathway
cambridge_primary_pe_pathway1,cambridge_primary_pathway1
cambridge_secondary_pathway,cambridge_secondary_pathway
cambridge_secondary_pe_pathway1,cambridge_secondary_pathway1
catpe3,categorytest1
cdev6maype,cdev6may
cdev_adult13aug2020_pe01,cdev_13aug2020_bundle1
cdev_22jan_pe1,cdev_21jan_product1
cdev_26jun20_1_pe,cdev_26jun20_1_umbrella
cdev_collab_pe_11june20,cdev_collab_umbrella_11june20
cdev_teacherlotest,cdev_teacherlotest_umbrella
competency3leveltest,cefr3leveltests
dev_test_product_test_component_27_july_2,cefr_test_umb_product_27_july_2
cefrreportct,cefrreport
cefrtaggedcomponentl1,cefrtaggedproduct
check_expiry_27sept,check_expiry_27sept_umbrella
classanalyticstestproductp1,classanalyticstestproduct
classanalyticstestproduct1p1,classanalyticstestproduct1
peuniquecode1,codeofumbrellproduct2
colab_123_2022,colab_123_2022_1
collab_dev_test,collab_dev_test
collab_l1_pe_mc,collab_l1_mc
collab_l1_1_pe_mc,collab_mc_test_53
collab_l1_2_pw_mc,collab_mc_test_54
collab_l1_3_pe_mc_clone,collab_mc_test_55
collab_test_product,collab_test_bundle
petestmc,collabmulticompprod
collaborate3-practice-extra,collaborate3
collaborate3_pe_nlp,collaborate3_nlp
comingsoonproductpe,coming_soon_product
test_dd,compas_tr_dd
compass_pe6,compass-activity-status
mocktest2,compass-nemo-8048
nemo9304-comptest,compass-nemo-9304
nemo9304-ptest,compass-nemo-9304-pt
nemo9304-upt,compass-nemo-9304-upt
mock-test-nlp,compass-nlp
compass15may21,compass15may21umbrella
compass19jul21pe1,compass19jul21
compassmocks24nov20,compass24nov20
compass26may21pe1,compass26may21
compasspe26nov20,compass26nov2020
compass27jul21pt,compass27jul21
compass27may21tc,compass27may21
compass29jul21pt,compass29jul21
compass29jul21bpe,compass29jul21b
compass4dec20ep,compass4dec20
cqa_test_1oct2021_1,compass8ooctproduct1
compass_adult_testproduct_pw,compass_adult_testproduct
competencytest2level,compass_competency_test1
compass_mock_test_pe,compass_mock_test_bundle
compass_nlp_4,compass_nlp_test
teacher_marking_pe1level,compass_teacher_marking
compass_test_pe1,compass_test1
compss_olp,compass_test_2
compass_opl_2,compass_test_3
compass_attempts_issue,compass_test_attempts
compasstestlevel1,compass_test_product
compass_pe2,compass_umbrella_nov17
compassengagepe1,compassengagebundle1
compassengagepe2,compassengagebundle2
compassengagepe5,compassengagebundle3
engagepracticeextra1,compassengagebundle4
compassmmaupdatetest1,compassmmaupdate
compassepdev1,compassowadev1
remedialupt,compassremedial
compasstest9febtest1,compasstest9febproduct1
compasstestretrofittest1,compasstest9febproduct2
compasstest9febtest3,compasstest9febproduct3
compass_testcomp_product_test1,compasstestcomponentproduct
compasstestproduct10feb,compasstestproduct10feb
compasstrainingproductpe1,compasstrainingproduct
compassumbrellaproductmock1,compassumbrellaproduct
competencytest1,competency-test
completiondonoughtpe1,completion-donought-test
compro_migtest_01pe,compro_migtest_01
compro_migtest_02pe,compro_migtest_02
compro_migtest_04pe,compro_migtest_04
compro_test_product_pe1,compro_test_umbrella_product_1
comproproduct1pe,comproproduct1
comqa-pe-15apr,comproqa-costest-15apr
comproqa_10oct19_pe_test1,comproqa_10oct19_test1
comproqa_11dec19_pe_test1,comproqa_11dec19_test1
comproqa_11dec19_pe_test2,comproqa_11dec19_test2
comproqa_11dec_pe4,comproqa_11dec_um4
comproqa_13feb20_pe_test1,comproqa_13feb20_umbrella_test1
comproqa_13may19_test3,comproqa_13may19_test3_bundle
comproqa_14dec19_pe_test1,comproqa_14dec19_test1
comproqa_14dec19_pe2_test2,comproqa_14dec19_test2
comproqa_14dec19_pe3_test3,comproqa_14dec19_test3
comproqa_14dec19_pe4_test4,comproqa_14dec19_test4
comproqa_14dec19_pe5_test5,comproqa_14dec19_test5
comproqa_14jan2020_pe_test1,comproqa_14jan2020_test1
cqa_15may20_test3,comproqa_15may_test3
comproqa_16april20_nlp_pri_pe_test1,comproqa_16april20_nlp_pri_test1
comproqa_16april_pe1,comproqa_16april_bundle1
comproqa_17march20_pe_test1,comproqa_17march20_test1
comproqa_18march_nlp_pe_test1,comproqa_18march_nlp_test1
comproqa_18oct19_pe_test1,comproqa_18oct19_test1
comproqa_19aug20_pe_test1,comproqa_19aug20_test1
comproqa_1april19_test1,comproqa_1april19_test1_bundle
comproqa_20dec19_pe,comproqa_20dec19_ad_test1
comproqa_20jan20_pe_test1,comproqa_20jan20_test1
comproqa_22feb18_test3,comproqa_22feb18_test3_bundle
comproqa_22jan20_pe_test1,comproqa_22jan20_test1
comproqa_23oct19_nlp_pe_test1,comproqa_23oct19_nlp_test1
comproqa_25feb20_pe_test1,comproqa_25feb20_test1
comproqa_29april20_pe1,comproqa_29april20_test1
comproqa_2april20_pe_test1,comproqa_2april20test1
comproqa_6may19_test2,comproqa_6may19_test2_bundle
comproqa_7july20_pe_primary1,comproqa_7july20_primary1
comproqa_7may19_evening_test1,comproqa_7may19_evening_test1_bundle
comproqa_7may19_test6,comproqa_7may19_test6_bundle
comproqa_8may19_test11,comproqa_8may19_test11_bundle
cqaeforfmc,comproqa_9april20_product_f
cqa9apr20epetest1,comproqa_9april_product
comproqa_author_14dec19_pe_test1,comproqa_author_14dec19_test1
comproqa_automation_hlp_2260p,comproqa_automation_hlp_2260p_bundle
comproqa_automation_hlp_j4dhk,comproqa_automation_hlp_j4dhk_bundle
comproqa_automation_hlp_tcylk,comproqa_automation_hlp_tcylk_bundle
comproqa_gen_pe_test1,comproqa_gen_umbrella_test1
comproqa_hlp8may6_1,comproqa_hlp8may6_1_bundle
comproqa_hlp_14may2019_5,comproqa_hlp_14may2019_5_bundle
comproqa_hlp_14may2019_6,comproqa_hlp_14may2019_6_bundle
comproqa_hlp_22feb2019_12,comproqa_hlp_22feb2019_12_bundle
comproqa_hlp_4dec12_test1,comproqa_hlp_4dec12_test1_bundle
comproqa_hlp_5dec18_1,comproqa_hlp_5dec18_1_bundle
comproqa_hlp_6march2019_2,comproqa_hlp_6march2019_2_bundle
comproqa_hlp_6may19_3,comproqa_hlp_6may19_3_bundle
comproqa_hlp_6may19_9,comproqa_hlp_6may19_9_bundle
comproqa_hlp_6may2019_2,comproqa_hlp_6may2019_2_bundle
comproqa_hlp_7may19_1,comproqa_hlp_7may19_1_bundle
comproqa_hlp_7may5_1,comproqa_hlp_7may5_1_bundle
comproqa_hlp_7may6_1,comproqa_hlp_7may6_1_bundle
comproqa_hlp_7may7_1,comproqa_hlp_7may7_1_bundle
comproqa_hlp_7may8_1,comproqa_hlp_7may8_1_bundle
comproqa_hlp_7may9_14up,comproqa_hlp_7may9_14up_bundle
comproqa_hlp_8may5_1,comproqa_hlp_8may5_1_bundle
comproqa_hlp_9may19_1,comproqa_hlp_9may19_1_bundle
comproqa_hlp_9may2019_10,comproqa_hlp_9may2019_10_bundle
comproqa_hlp_9may2019_11,comproqa_hlp_9may2019_11_bundle
comproqa_july10_test1_pe,comproqa_july10_test1
comproqa_july10_test2_pe,comproqa_july10_test2
comproqa_adult_may28_pe_test1,comproqa_may28_test1
comproqa_multi_13april20_test2_pe1,comproqa_multi_13april20_test2
comproqa_nlp_10jan2020_pe_test1,comproqa_nlp_10jan2020_test1
comproqa_18march_nlp_sec_test1,comproqa_nlp_18march_secondary_test1
comproqa_nlp_27jan20_pe_test1,comproqa_nlp_27jan20_test1
comproqa_primary_28may20_pe_test1,comproqa_primary_28may20_test1
cqa_14dec_pe_test8,comproqa_product_14dec_test8
comproqa_secondary_28may20_pe_test1,comproqa_secondary_28may20_test1
comproqa_testbundle_01_pe,comproqa_testbundle_01
comproqa_testbundle_02_pe,comproqa_testbundle_02
comproqa_testingproduct_2,comproqa_testingproduct_2_bundle
comproqa_testproduct_123,comproqa_testproduct_123_bundle
comproqa_pe_11dec19_1,comproqa_umb_11dec19_1
comproqa_umbrella_01_pe,comproqa_umbrella_01
comproqa_pe_28may_2,comproqa_umbrella_28may_2
comproqa_valid_pe2,comproqa_umbrella_valid2
compropracticeextra1,comproqaproduct1
comproqatestproductpe1,comproqatestproduct
comprotest_groupenabled_pe,comprotest_groupenabled_product
contentnotificationtestpe,contentnotificationtestms
contextpracticetest,contextbundle1
coq2295testumbrellaproductpe1,coq2295testumbrellaproduct
coqpe1,coq_cover_image
coqcoverpe2,coq_cover_test
coqcoverpe4,coq_cover_test2
coqpetest,coq_testing
coq2pe,coqtesting2
cos422_june28_pe1,cos422_june28_umbrella1
cos422_pe_ad_june24_test1,cos422_umbrella_ad_june24_test1
cos422_pe_june24_test1,cos422_umbrella_june24_test1
cos52_27jan20_pe_test1,cos52_27jan20_test1
cos742testproductpe1,cos742testproduct
course_for_apps,course_for_apps_bundle
pecm,coursematerial_1
cover_image_test_3,cover_image_nlp_2
cqa_pe_synccheck_8,cover_story_bundle
testpublishing,cover_story_bundle_with_image
cqa_pe_coverimage_2,cover_story_bundle_with_image1
cqa_pe_textupdate_1,cover_story_bundle_with_pe_img
coverimageprod1pe1,coverimageprod1
cqa_pe_7gbcc,cqa-05aes
cqa_pe_gtwhk,cqa-07nwp
cqa_pe_ufgzk,cqa-0n90s
cqa_pe_nbydd,cqa-11lba
cqa_pe_ymm2t,cqa-1nmfx
cqa_pe_mkgit,cqa-2048w
cqa_pe_ls7z3,cqa-2apk6
cqa_pe_g537o,cqa-2r910
cqa_pe_e6f5l,cqa-3f83x
cqa_pe_8t89k,cqa-3gsvl
cqa_pe_2enex,cqa-3orma
cqa_pe_1phko,cqa-3qg6m
cqa_pe_yee8q,cqa-5gy3v
cqa_pe_tq0h0,cqa-5ixmp
cqa_pe_6in9c,cqa-704vg
cqa_pe_gb0tl,cqa-7bhwy
cqa_pe_oqjqy,cqa-7lhmi
cqa_pe_v52w5,cqa-8ffjz
cqa_pe_cmhh8,cqa-9f22g
cqa_pe_0e7y2,cqa-9v2bn
cqa_pe_p73s4,cqa-a46hs
cqa_pe_wcx4a,cqa-bhohj
cqa_pe_kuktl,cqa-bowww
cqa_pe_ipkzf,cqa-ckj7w
cqa-comqa-pe-22dec,cqa-comqa-umbrella-22dec
cqa_pe_74p9e,cqa-dnb1r
cqa_pe_ycxtl,cqa-dpab6
cqa_pe_ekjqe,cqa-e7oa2
cqa_pe_82jva,cqa-f97sg
cqa_pe_xx6ng,cqa-fl9bo
focdesktop-pe,cqa-focdesktop-test
cqa_pe_u3lhg,cqa-ftw72
cqa_pe_k6si3,cqa-fwe6l
cqa-pe-feb192020-sk,cqa-generic-umbrella-19feb20-sk
cqa-pe-27feb20-gated,cqa-generic-umbrella-27feb20-gated
cqa_pe_pd5ih,cqa-ggpta
cqa_pe_nsswi,cqa-gyw19
cqa_pe_6r8wi,cqa-hrieo
cqa_pe_4pfgi,cqa-htn61
cqa_pe_uf8f7,cqa-ibvy8
cqa_pe_soh1u,cqa-iy8sg
cqa_pe_22sp6,cqa-iyczi
cqa_pe_6he95,cqa-kkaem
cqa_pe_6ckos,cqa-l4z3s
cqa_pe_xd52t,cqa-n4j7u
cqa_pe_u4o4c,cqa-nf3rh
cqa_pe_jpebp,cqa-ol32u
cqa_pe_pog99,cqa-oqw7j
cqa_pe_ex0jp,cqa-owewi
cqa_pe_enu9x,cqa-px40i
cqa_pe_wcjm2,cqa-q6au7
cqa_pe_q05z1,cqa-qjcqt
cqa_pe_pjpc2,cqa-r26sl
cqa_pe_qllh7,cqa-sngkp
cqa_pe_7y62p,cqa-ssh33
cqa_pe_6d077,cqa-sygwi
cqa-pe-test-cup-product1,cqa-test-cup-product1
cqa-test-pe,cqa-test-foc-actualproduct
cqa-pe-august,cqa-testebook-august
cqa-petest-lti,cqa-umbrealla-lti-ebooktest
cqa_pe_11febtest,cqa-umbrella-11feb-sk
cqapefeb12sk,cqa-umbrella-feb12
cqa-pe-100plusunits,cqa-umbrella-pplustest100units
cqa-sectheme-pe,cqa-umbrella-secondarytheme
cqa-pe-morethan100units,cqa-umbrellafor-morethan100units
cqa_pe_onddw,cqa-wjovu
cqa_pe_26e3n,cqa-xni3e
cqa_pe_8luqh,cqa-xpcbh
cqa_pe_t9lb4,cqa-yfo2z
cqa_pe_jea58,cqa-yzgq5
cqa_pe_n8ei3,cqa-zcoi7
cqa_pe_ylm45,cqa-zncmu
cqa30march,cqa30marchbundle
cqa_14june19_test_pe1,cqa_14june19_test_bundle1
cqa_14june_pe_test5,cqa_14june_bundle_test5
cqa_14june_pe_test2,cqa_14june_test2
cqa_16nov2020_testproduct_pe,cqa_16nov2020_testproduct
cqa_16nov_multicomp_product_pe,cqa_16nov_multicomp_product
cqa_19june_pe_test1,cqa_19june19_test2
cqa_19june19_pe_test5,cqa_19june19_test5
cqa_20june19_pe_test1,cqa_20june19_test1
cqa_20june_pe_test6,cqa_20june_test6
cqa_21june19_pe_test1,cqa_21june19_test1
cqa_25june19_pe_test1,cqa_25june19_bundle_test1
cqa_pe_26nov19_all_pe_activities,cqa_26nov19_all_pe_activities
cqa_28may_practiceextra_test1,cqa_28may_test1
cqa_30aug19_pe,cqa_30aug19_umb_prod
cqa_3sept19_pe_test1,cqa_3sept19_test1
cqa_3sept19_pe_test2,cqa_3sept19_test2
cqa__umbrella_12jan_prod1_pe,cqa__umbrella_12jan_prod1
cqa_ad_15july19_pe_test3,cqa_ad_15july19_test3
cqa_ad_1july19_pe_test1,cqa_ad_1july19_test1
cqa_ad_29july19_pe_test1,cqa_ad_29july19_test1
cqa_ad_2july19_pe_test1,cqa_ad_2july19_test1
cqa_ad_2july19_pe_test1_clone,cqa_ad_3july19_test1
cqa_ad_save_pe1,cqa_ad_save_umbrella1
cqa_ad_pe_2july19_test2,cqa_ad_umbrell_2july19_test2
cqa_ad_feb24_test1,cqa_ad_umbrella_feb24_test1
allinonepethor,cqa_allinone_thor
cqanilpt,cqa_anil_compass_product
cqa_anil_dec12_pe1,cqa_anil_dec12_umbrella1
cqa_april29_ts1,cqa_april29_umbrella1
cqa_clone_pe_ad1,cqa_clone_ad_test_umbrella1
cqa_compass_testproduct_pe,cqa_compass_testproduct
cqa_compass_testproduct2_pe,cqa_compass_testproduct2
cqa_compass_testproduct3_pe,cqa_compass_testproduct3
cqa_compass_testproduct4_mt,cqa_compass_testproduct4
cqa_compass_testproduct6_pe,cqa_compass_testproduct6
cqa_pe_cos100_test_1,cqa_cos100_test_1
cqa_pe_cos100_test_2,cqa_cos100_test_2
cqa_dec28_anil_pe1,cqa_dec28_anil_umbrella1
cqa_dev_pe_22jan19,cqa_dev_product_22jan19
cqa_ebook_product1_pe,cqa_ebook_product1
cqa_ebook_product2_pe,cqa_ebook_product2
cqa_ebook_product3_pe,cqa_ebook_product3
cqa_feb8_pe_test1,cqa_feb8_test1
cqa_pe_4sept19_1,cqa_gen_umb_4sept19_1
cqa_hlp_16may19_1,cqa_hlp_16may19_1_bundle
cqa_hlp_16may19_2,cqa_hlp_16may19_2_bundle
cqa_hlp_16may19_3,cqa_hlp_16may19_3_bundle
cqa_hlp_23april19_1,cqa_hlp_23april19_1_bundle
cqa_hlp_4april2019_1,cqa_hlp_4april2019_1_bundle
cqa_hlp_7may2019_1,cqa_hlp_7may2019_1_bundle
cqa_hlp_7may2019_3,cqa_hlp_7may2019_3_bundle
cqa_hlp_9may19_1,cqa_hlp_9may19_1_bundle
cqa_hlp_9may19_2,cqa_hlp_9may19_2_bundle
cqa_july13_pe1,cqa_july13_test1
cqa_manual_pe1,cqa_manual_testproduct1
cqa_metamigration_pe_test1,cqa_metamigration_test1
cqa_pe_mma_10dec2020_1,cqa_mma_10dec2020_1
cqa_mma_10dec2020_testproduct_pe,cqa_mma_10dec2020_testproduct
cqa_mma_testproduct3_pe1,cqa_mma_testproduct3
cqa_mma_testproduct5_pe1,cqa_mma_testproduct5
cqa_mocktest_gated_mt,cqa_mocktest_gated_product
cqa_mocktest_product1dec2020,cqa_mocktest_product1dec2020
cqa_mocktest_product2dec2020_pe,cqa_mocktest_product2dec2020
cqa_mocktest_pe_1,cqa_mocktest_umbrella_1
cqa_mocktestonly_product_pe,cqa_mocktestonly_product
cqa_multi_component_pe_2,cqa_multi_component_adult
cqa_nemo2460_pe,cqa_nemo2460
cqa_anil_march18_pe1,cqa_nemo6937
cqa_nlp_test02pe,cqa_nlp_test02
cqa_nlp_26feb20_1,cqa_nlp_umbrella_26feb20_1
cqa_nlp_5nov19_1,cqa_nlp_umbrella_5nov19_1
cqa_nov25_pe1,cqa_nov25_umbrella1
cqa_primary_pe_01,cqa_primary_bundle_02_new
cqa_pe_prac,cqa_prod1
cqa_pe_14dec19_1,cqa_product_14dec19_1
cqa_reorder_anil_pe_test2,cqa_reorder_anil_test2
cqa_sept1_pe1,cqa_sept1_umbrella1
cqa_pe_test,cqa_test
cqa_pe_test2,cqa_test2
cqa_test29may21_pe1,cqa_test29may21
cqaaug6pe1,cqa_test_search3
comproqa_pe_01,cqa_test_umbrella
cqa_testitemcode_pe,cqa_testitemcode_1
cqa_testproduct218pe,cqa_testproduct218
cqa_testproduct21819pe,cqa_testproduct21819
cqa_testsynccheck_pe,cqa_testsynccheck_1
cqa_pe_4sept19_2,cqa_tt_umb_4sept19_1
cqa_tt_pe_10jan2021_1,cqa_tt_umbrella_10jan2022_1
cqa_tt_pe_18oct19_1,cqa_tt_umbrella_18oct19_1
cqa_tt_3sept19_3,cqa_tt_umbrella_3sept19_2
cqa_pe_5sept19_1_clone1_clone,cqa_tt_umbrella_5sept19_1
cqa_tt_pe_test1,cqa_tt_umbrella_test1
cqa_pe_24dec19_1,cqa_umb_24dec19_1
cqa_umb_26nov19_3,cqa_umb_26nov19_3
cqa_pe_26nov19_5,cqa_umb_26nov19_5
cqa_pe_26nov19_7,cqa_umb_26nov19_7
cqa_pe_26nov19_8,cqa_umb_26nov19_8
cqa_pe_30dec19_1,cqa_umb_30dec19_1
cqa_pe_3149_20_dec_2019_1,cqa_umb_3149_20_dec_2019_1
cqa_pe_nlp_20nov2019_1,cqa_umb_nlp_20nov2019_1
cqa_pe_coverimage_ingestion_issue_regress2,cqa_umberella_coverimage_ingestion_issue_regress1
cqa_pe_4sep19_1,cqa_umbrealla_4sep19_1
cqa_pe_01april2022_1,cqa_umbrella_01april2022_1
cqa_pe_01feb2021_1,cqa_umbrella_01feb2021_1
cqa_pe_01feb2021_4,cqa_umbrella_01feb2021_4
cqa_pe_04may2021_1,cqa_umbrella_04may2021_1
cqa_pe_13sept2021_2_clone5,cqa_umbrella_07sept2021_3
cqa_pe_08april2021_1,cqa_umbrella_08april2021_1
cqa_pe_08feb2021_1,cqa_umbrella_08feb2021_1
cqa_pe_08oct2021_1,cqa_umbrella_08oct2021_1
cqa_pe_09feb2021_1,cqa_umbrella_09feb2021_1
cqa_test_09july21_1,cqa_umbrella_09july21_1
cqa_pe_10aug2021_5,cqa_umbrella_10aug2021_5
cqa_pe_10dec2021_13,cqa_umbrella_10dec2021_13
cqa_pe_10dec2021_15,cqa_umbrella_10dec2021_15
cqa_pe_10feb2021_1,cqa_umbrella_10feb2021_1
cqa_pe_10feb2021_2,cqa_umbrella_10feb2021_2
cqa_pe_10feb2021_7,cqa_umbrella_10feb2021_6
cqa_pe_10july19_1,cqa_umbrella_10july19_1
cqa_pe_10july2020_2,cqa_umbrella_10july2020_1
cqa_pe_2july2020_1,cqa_umbrella_10june2020
cqa_pe_10march2022_1,cqa_umbrella_10march2022_1
cqa_pe_10oct19_2,cqa_umbrella_10oct19_2
cqa_pe_10oct19_5,cqa_umbrella_10oct19_5
cqa_pe_10oct19_6,cqa_umbrella_10oct19_6
pe_11aug2020_1,cqa_umbrella_11aug2020_1
cqa_pe_11feb2021_2,cqa_umbrella_11feb2021_1
thornotinbuilderpe1,cqa_umbrella_12april2022_1
cqa_pe_12feb20_test1,cqa_umbrella_12feb20_test1
cqa_pe_12march2021_1,cqa_umbrella_12march2021_1
cqa_pe_12nov2020_1,cqa_umbrella_12nov2020_1
cqa_pe_12nov2021_2,cqa_umbrella_12nov2021_2
cqa_pe_12oct2021_1,cqa_umbrella_12oct2021_1
cqa_pe_12oct2021_8,cqa_umbrella_12oct2021_8
cqa_pe_13aug2021_1,cqa_umbrella_13aug2021_1
cqa_pe_13dec2021_1,cqa_umbrella_13dec2021_1
cqa_pe_13dec2021_6,cqa_umbrella_13dec2021_6
cqa_pe_13dec2021_7,cqa_umbrella_13dec2021_7
cqa_pe_13oct2021_1,cqa_umbrella_13oct2021_1
cqa_pe_13sept2021_2,cqa_umbrella_13sept2021_2
cqa_pe_13sept2021_4,cqa_umbrella_13sept2021_4
cqa_pe_14jan2021_1,cqa_umbrella_14jan2021_1
cqa_pe_14july2020_1,cqa_umbrella_14july2020_1
cqa_pe_14oct19_1,cqa_umbrella_14oct19_1
cqa_pe_15feb2021_1,cqa_umbrella_15feb2021_1
cqa_pe_15july19_1,cqa_umbrella_15july19_1
cqa_pe_15july19_2,cqa_umbrella_15july19_2
cqa_pe_15july19_3,cqa_umbrella_15july19_3
cqa_pe_15july19_4,cqa_umbrella_15july19_4
cqa_pe_15july19_6,cqa_umbrella_15july19_6
cqa_pe_15july2020_1,cqa_umbrella_15july2020_1
cqa_pe_16april2021_1,cqa_umbrella_16april2021_1
cqa_pe_16dec2021_5,cqa_umbrella_16dec2021_5
cqa_pe_16dec2021_6,cqa_umbrella_16dec2021_6
cqa_pe_16july19_1,cqa_umbrella_16july19_1
cqa_pe_16july19_2,cqa_umbrella_16july19_2
cqa_pe_16july19_3,cqa_umbrella_16july19_3
cqa_pe_16march2021_1,cqa_umbrella_16march2021_1
cqa_pe_16march20_1,cqa_umbrella_16march20_1
cqa_pe_17aug2022_1,cqa_umbrella_17aug2022
cqa_pe_17dec2021_3,cqa_umbrella_17dec2021_2
cqa_pe_17march20_2,cqa_umbrella_17march20_2
cqa_primary_17marhc20_1,cqa_umbrella_17march20_4
cqa_pe_18dec19_1,cqa_umbrella_18dec19_1
cqa_pe_18feb2021_3,cqa_umbrella_18feb2021_3
cqa_pe_18feb20_1,cqa_umbrella_18feb20_1
cqa_pe_8626u,cqa_umbrella_18feb20_3
cqa_18july_pe_test1,cqa_umbrella_18july19_1
cqa_pe_18june19_1,cqa_umbrella_18june19_1
cqa_pe_18march20_2,cqa_umbrella_18march20
cqa_project_18march20_11,cqa_umbrella_18march20_12
cqa_pe_19aug19_1,cqa_umbrella_19aug19_1
cqa_mocktest_18feb2021_2,cqa_umbrella_19feb2021_1
cqa_mocktest_18feb2021_1,cqa_umbrella_19feb2021_2
cqa_umbrella_19jul2021_pe,cqa_umbrella_19jul2021
cqa_project_19march20_1,cqa_umbrella_19march20_1
cqa_pe_19may2021_1,cqa_umbrella_19may2021_1
cqa_pe_19may2021_4,cqa_umbrella_19may2021_4
cqa_pe_19oct2021_1,cqa_umbrella_19oct2021_1
cqa_pe_dsts8,cqa_umbrella_1pntr
cqa_pe_20aug2020_1,cqa_umbrella_20aug2020_1
cqa_pe_20dec2021_1,cqa_umbrella_20dec2021_1
cqa_pe_20dec2021_2,cqa_umbrella_20dec2021_2
cqa_pe_20jan2020_2,cqa_umbrella_20jan2020_1
cqa_pe_20jan2021_1,cqa_umbrella_20jan2021_1
cqa_umbrella_20jul2021_pe1,cqa_umbrella_20jul2021_1
cqa_pe_20june19_1,cqa_umbrella_20june19_1
cqa_pe_21jan2022_1,cqa_umbrella_21jan2022_1
cqa_umbrella_21jan20_1,cqa_umbrella_21jan20_1
cqa_pe_21oct2021_1,cqa_umbrella_21oct2021_1
cqa_pe_22feb2021_2,cqa_umbrella_22feb2021_2
cqa_pe_22july2022_1,cqa_umbrella_22july2022_1
cqa_pe_22june2020_1,cqa_umbrella_22june2020_1
cqa_test_22march2021_1,cqa_umbrella_22march2021_2
cqa_pe_22may2021_1,cqa_umbrella_22may2021_1
cqa_pe_23feb2021_3,cqa_umbrella_23feb2021_1
cqa_pe_23june2020_1,cqa_umbrella_23june2020_1
cqa_pe_23oct2020_1,cqa_umbrella_23oct2020_1
cqa_pe_23oct2020_4,cqa_umbrella_23oct2020_4
cqa_pe_24dec2020_1,cqa_umbrella_24dec2020_1
cqa_pe_24feb2021_1,cqa_umbrella_24feb2021_1
cqa_pe_24march2020_1,cqa_umbrella_24march2020_1
cqa_pe_24nov2020_1,cqa_umbrella_24nov2020_1
cqa_pe_24sept2021_3,cqa_umbrella_24sept2021_3
cqaumbrella25aug20212pe,cqa_umbrella_25aug2021_2
cqa_pe_28dec2021_4_clone1,cqa_umbrella_25feb2022_1
cqa_pe_25jan2021_5,cqa_umbrella_25jan2021_3
cqa_pe_25june19_1,cqa_umbrella_25june19_1
cqa_pe_25march2021_1,cqa_umbrella_25march2021_1
cqa_pe_29july2022_1,cqa_umbrella_25march2021_2
cqa_pe_aug26_test1,cqa_umbrella_26aug2021_1
cqa_pe_26feb20_1,cqa_umbrella_26feb20_1
cqa_pe_26july19_1,cqa_umbrella_26july19_1
cqa_pe_26june19_2,cqa_umbrella_26june19_2
cqa_pe_26june19_1,cqa_umbrella_26june19_3
cqa_pe_26june19_5,cqa_umbrella_26june19_4
cqa_pe_26oct2020_2,cqa_umbrella_26oct2020_1
devtest78912011,cqa_umbrella_26oct2021_1
cqa_pe_27aug19_test1,cqa_umbrella_27aug19_test1
cqa_pe_27aug2020_1,cqa_umbrella_27aug2020_1
cqa_pe_27jan2021_1,cqa_umbrella_27jan2021_1
cqa_umbrella_27july_pe,cqa_umbrella_27july
cqa_pe_27march20_1,cqa_umbrella_27march20_1
cqa_pe_27may19_3,cqa_umbrella_27may19_3
cqa_pe_28aug2020_1,cqa_umbrella_28aug2020_1
cqa_pe_28dec2021_1,cqa_umbrella_28dec2021_1
cqa_pe_28dec2021_4,cqa_umbrella_28dec2021_4
cqa_pe_28july2022_1,cqa_umbrella_28july2022_1
cqa_pe_28june19_1,cqa_umbrella_28june19_1
cqa_pe_28june19_2,cqa_umbrella_28june19_2
cqa_pe_28june21_1,cqa_umbrella_28june21_2
cqa_pe_28june21_5,cqa_umbrella_28june21_5
cqa_tg_27may19_2,cqa_umbrella_28may19_1
cqa_pe_28oct2020_1,cqa_umbrella_28oct2020_1
cqa_pe_29dec2020_3,cqa_umbrella_29dec2020_3
cqa_pe_29dec2020_4,cqa_umbrella_29dec2020_4
cqa_pe_29june21_1,cqa_umbrella_29june21_1
cqa_pe_29may19_2,cqa_umbrella_29may19_2
cqa_pe_29sept2022_1,cqa_umbrella_29sept2022_1
cqa_pe_primary_2apr20_2,cqa_umbrella_2apr20_2
cqa_pe_2july19_1,cqa_umbrella_2july19_1
cqa_pe_2july19_2,cqa_umbrella_2july19_2
cqa_pe_3july19_1,cqa_umbrella_2july19_3
cqa_pe_2ndfeb_1,cqa_umbrella_2ndfeb_1
cqa_pe_2nov2021_1,cqa_umbrella_2nov2021_1
cqa_pe_30aug19_2,cqa_umbrella_30aug19_2
cqa_pe_30dec2020_1,cqa_umbrella_30dec2020_1
cqa_pe_30dec2020_2,cqa_umbrella_30dec2020_2
cqa_pe_30dec2020_5,cqa_umbrella_30dec2020_5
cqa_pe_30jan20_1,cqa_umbrella_30jan20_1
cqa_pe_29july21_1,cqa_umbrella_30july21_1
cqa_pe_30march2020_1,cqa_umbrella_30march2020_1
cqa_pe_30march2021_1,cqa_umbrella_30march2021_1
cqa_pe_30march2021_2,cqa_umbrella_30march2021_2
cqa_pe_30may19_1,cqa_umbrella_30may19_4
cqa_pe_31may19_6,cqa_umbrella_30may19_5
cqa_practice_31may19_6,cqa_umbrella_30may19_6
cqa_pe_30oct19_1,cqa_umbrella_30oct19_1
cqa_pe_30oct19_2,cqa_umbrella_30oct19_2
cqa_pe_27march20_7,cqa_umbrella_31mar20_2
cqa_pe_3jan2020_1,cqa_umbrella_3jan2020_3
test_dev_ui_updates,cqa_umbrella_3jan2020_5
cqa_pe_3nov2020_2,cqa_umbrella_3nov2020_2
cqa_tt_3sept19_1,cqa_umbrella_3sept19_1
cqa_pe_4020_1,cqa_umbrella_4020_1
cqa_pe_4june19_1,cqa_umbrella_4june19_1
comproqa_hlp03,cqa_umbrella_4june19_5
cqa_pe_4june19_6,cqa_umbrella_4june19_6
cqa_pe_4may2020_1,cqa_umbrella_4may2020_1
cqa_pe_4sept19_3,cqa_umbrella_4sept19_1
newproductthor1pe,cqa_umbrella_4sept2020_3
cqa_pe_9aug2021_1,cqa_umbrella_5aug2021_1
cqa_pe_5june19_1,cqa_umbrella_5june19_1
cqa_pe_4june19_4,cqa_umbrella_5june19_4
cqa_pe_5march20_1,cqa_umbrella_5march20_1
cqa_pe_5sept19_1,cqa_umbrella_5sept19_1
cqa_pe_6april20_1,cqa_umbrella_6april20_1
cqa_pe_6april20_3,cqa_umbrella_6april20_3
cqa_pe_6aug2019_1,cqa_umbrella_6aug2019_1
cqa_pe_6june19_2,cqa_umbrella_6june19_2
cqa_pe_6june19_3,cqa_umbrella_6june19_3
cqa_pe_6june19_6,cqa_umbrella_6june19_6
cqa_pe_ahlj1,cqa_umbrella_6ok5e
cqa_pe_6sept2020_1,cqa_umbrella_6sept2020_1
cqa_pe_6sept2021_1,cqa_umbrella_6sept2021_1
test_pe_7aug19_1,cqa_umbrella_7aug19_1
cqa_pe_7jan2020_1,cqa_umbrella_7jan2020_1
cqa_pe_7july2020_1,cqa_umbrella_7july2020_1
cqa_pe_7june2022_1,cqa_umbrella_7june2022_1
cqa_pe_7may2020_1,cqa_umbrella_7may2020_1
cqa_pe_7oct19_1,cqa_umbrella_7oct19_1
cqa_pe_8dec2020_1,cqa_umbrella_8dec2020_1
cqa_pe_8dec2021_1,cqa_umbrella_8dec2021_1
cqa_pe_8feb2021_1,cqa_umbrella_8feb2021_1
cqa_pe_8jan2020_1,cqa_umbrella_8jan2020_1
cqa_pe_8jan2021_1,cqa_umbrella_8jan2021_1
cqa_pe_8july19_test_1,cqa_umbrella_8july19_test_1
cqa_pe_8july2020_2,cqa_umbrella_8july2020_2
cqa_test_8july21_1,cqa_umbrella_8july21_1
cqa_pe_9aug19_1,cqa_umbrella_9aug19_1
cqa_pe_9aug2021_8,cqa_umbrella_9aug2021_8
cqa_pe_9dec2021_1,cqa_umbrella_9dec2021_1
cqa_pe_9dec2021_4,cqa_umbrella_9dec2021_4
cqa_pe_9march2022_1,cqa_umbrella_9march2022_1
cqa_pe_anil_july23_test1,cqa_umbrella_anil_july23_test1
cqa_pe_areaupdate_2,cqa_umbrella_areatest_1
cqa_pe_builder_syncing_1,cqa_umbrella_builder_syncing_1
cqa_pe_classview_issue_1,cqa_umbrella_classview_issue
cqa_pe_compass_mocktest_1,cqa_umbrella_compass_mocktest_1
cqaumbrellacompasstest2,cqa_umbrella_compass_test2
cqa_practice_test_1,cqa_umbrella_compass_test_1
cqa_pe_coverimageissue,cqa_umbrella_coverimageissue
cqa_pe_coverimageissue_3,cqa_umbrella_coverimageissue_3
cqa_pe_2021_1,cqa_umbrella_cyyear_check
cqa_pe_demoproduct_1,cqa_umbrella_demoproduct_1
cqa_pe_27aug2020_2_clone,cqa_umbrella_ebook_20oct2020_1
cqa_pe_groupenabled,cqa_umbrella_groupenabled
cqa_test_march25_testcomponent1,cqa_umbrella_march15_test1
cqa_pe_metadata_migration,cqa_umbrella_metadata_migration
cqa_pe_mma_migration,cqa_umbrella_mma_migration
cqa_pe_mma_syncing_new,cqa_umbrella_mma_syncing_new
cqa_pe_mocktest_newfields_1,cqa_umbrella_mocktest_newfields_1
cqa_pe_mocktests_2,cqa_umbrella_mocktests_1
cqa_pe_multiuser_reordering,cqa_umbrella_multiuser_reordering
cqa_practise_extra_namrata,cqa_umbrella_namrata
cqa_nlp_primary_2,cqa_umbrella_nlp_primary_2
cqa_nlp_secondary_2,cqa_umbrella_nlp_secondary_2
cqa_nlp_group_pe_1,cqa_umbrella_nlp_secondary_group
cqa_pe_nov2021_1,cqa_umbrella_nov2021_1
cqa_pe_olp_group_enabled,cqa_umbrella_olp_group_enabled
cqa_pe_pr1,cqa_umbrella_pr1
cqaolp,cqa_umbrella_pr2_5feb
cqa_pe_pr3,cqa_umbrella_pr3_5feb
cqanlpprimary,cqa_umbrella_pr5feb
cqa_umbrella_practicetest_test1,cqa_umbrella_practicetest
cqa_primary_testproduct1,cqa_umbrella_primary_product1
cqa_umbrella_progresstest_test3,cqa_umbrella_progresstest
cqa_new_ptas_product1,cqa_umbrella_ptas_product1
cqa_umbrella_rbtest_pe1,cqa_umbrella_rbtest
cqa_pe_sept16_test11,cqa_umbrella_sept16_test11
cqa_pe_sept16_test3,cqa_umbrella_sept16_test12
cqa_pe_synccheck_10,cqa_umbrella_synccheck_10
cdev20aug2019,cqa_umbrella_test_namrata
cqa_pe_testclone,cqa_umbrella_testclone
cqa_pe_testsynccheck1,cqa_umbrella_testcynccheck_1
cqa_pe_testnewflag_2,cqa_umbrella_testnewflag_2
cqa_umbrella_pe123,cqa_umbrella_testproduct123
cqa_pe_10oct,cqa_up_10oct
uproduct_01_cpe,cqa_uproduct_01
cqaadrefreshpe1,cqaadrefresumbrella1
peclone,cqacomprotestuser
cqajune7pe1,cqajune7umbrella1
cqanewfields1_pe,cqanewfields1
cqatest271pe,cqatest271
cqatest272pe,cqatest272
cqatestumbrella1pe1,cqatestumbrella1
cqatestumbrella2pe1,cqatestumbrella2
cqaumb827pe,cqaumb827
cqacloneofbiggerpe,cqaumbrella24feb2020
cqapeforebookcloned,cqaumbrellaforbaban
cqapeforebookatthor,cqaumbrellaforebook
cqaumbrellalppe,cqaumbrellalp
cqa_pe_primary,cqaumbrellaprimary
cqapenlpctdev,cqaumbrellaproductatthor1
cqapeforebooktestpublish,cqaumbrellaproductthorebook
cqa_pe_secondary,cqaumbrellasecondary
cqapetest123,cqaumbrellaskfeb12
cqaumbrellatestpe,cqaumbrellatest
cqape,cqaumprod
nlpsecondary2,cqaupclonenlpsecondary1
ctumbrellaproducttest,ctumbrellaproduct
cvrimagepe1,cvrimage
teachergatedpe2,decgated
teachergatedpe1,decteachergated
dedvtestretrysmoketest,dedvtestretrysmoketest
definitiontagpe,definitiontagtest
demo_peas_and_ptas_pe,demo_peas_and_ptas_bundle
demo_pe_19july_1,demo_umb_19july_1
demo_pe_19july_2,demo_umb_19july_2
dev-test-1-feb-pe,dev-test-1-feb
dev-tes-10-dec,dev-test-10-dec
dev-test-2-sept-pe,dev-test-2-sept-bundle
dev-test-21-july,dev-test-21-july
dev-test-8-sept-pe,dev-test-8-sept
dev-test-vartika-22july,dev-test-vartika-22july-bundle
devpe26aug,dev26augup
test22th,dev34
cdev_adult13aug2020_pe02,dev_13aug2020_bundle02
dev_red_21_02_2022_pe1,dev_21_02_2022_umb_sahil
dev_28feb2020_pe1,dev_28feb2020_product1
dev_29juy2020_pe1,dev_29july2020_bundle1
cqa_hlp_27august2019_2,dev_bundle_abc_def
dev_cat_pe_4feb21_1,dev_cat_umb_4feb21
dev_cqa_pe_30dec2020_clone_2,dev_cqa_pe_30dec2020_clone_2
dev_cqa_pe_30dec2020_clone_4,dev_cqa_pe_30dec2020_clone_4_bundle
dev_cqa_pe_10aug2021_5,dev_cqa_umbrella_10aug2021_5
dev_pe_22dec,dev_pe_22dec_bundle
dev_sahil_09_09_2022_pe1,dev_sahil_09_09_2022_umb
dev_test10_9_2020_pe9,dev_test10sept2020_bundle3
dev_test_pe4,dev_test10sept2020_bundle4
dev_test10_9_2020_pe3,dev_test_10sept2020_bundle1
dev_test_117june_pe,dev_test_117june_bundle
dev_test_122,dev_test_122_bundle
dev_test_130,dev_test_130_bundle
dev_test_135,dev_test_135_bundle
dev_test_136,dev_test_136_bundle
dev_test_140,dev_test_140_bundle
dev_test_141,dev_test_141_bundle
dev_test_144,dev_test_144_bundle
dev_test15_9_2020_pe1,dev_test_15sept_bundle2
dev_test16_9_2020_pe,dev_test_16sept_bundle2
dev_test_19may_pe,dev_test_19may_bundle
dev_test_2359_101_pe,dev_test_2359_101
dev_test_2359_102,dev_test_2359_102
dev_test_2359_104_pe,dev_test_2359_104
dev_test_3299_pe,dev_test_3299_bundle
dev_test_3299_bundle_101_pe,dev_test_3299_bundle_101
dev_test_3299_bundle_102_pe,dev_test_3299_bundle_102
dev_test_3299_bundle_103_pe,dev_test_3299_bundle_103
dev_test_pe_01,dev_test_4books
dev_test_9june_pe,dev_test_9june_bundle
dev_test_pe,dev_test_associating_component_umbrella
dev_test_pe05,dev_test_book05_bundle
dev_test_bulk109,dev_test_bulk109umbrella
dev_test_new_course_test,dev_test_bundle1
dev_test_pskill2,dev_test_bundle2
dev_test_pskill3,dev_test_bundle5
dev_test_component3,dev_test_bundle7
test_1234,dev_test_bundle_124
dev_test_projects_31_jan_2022,dev_test_bundle_31_jan_2022
dev_test_pe_1_9_12_21,dev_test_bundle_9_12_21
dev_test_ashish,dev_test_bundle_ashish
dev_test_pe_for_cover_regression,dev_test_bundle_for_cover_regression
dev_test_bundle_ingestion_practice,dev_test_bundle_ingestion
dev_test_cover6,dev_test_cover6_bundle
dev_test_cover7,dev_test_cover7_bundle
dev_test_cover_practiceextra,dev_test_cover_bundle
dev_test_ebook_bundle_104_pe,dev_test_ebook_bundle_104_bundle
dev_test_ebook_bundle_105_pe,dev_test_ebook_bundle_105_umbrella
dev_test_final_102,dev_test_final_102_bundle
dev_test_final_104,dev_test_final_104_bundle
dev_test_gagneet_pe,dev_test_gagneet_bundle
umb_orid_sample_24_aug_phhase_2_pe,dev_test_gated_book_bundle
dev_test_ielts_pe,dev_test_ielts_bundle
dev_test_image_upload,dev_test_image_upload_bundle
dev_test_image_url,dev_test_image_url_bundle
dev_test_ingestion_pe,dev_test_ingestion
dev_test_learneronly_01_olp,dev_test_learneronly_01_umbrella
dev_test_media_options3,dev_test_media_options3
dev_test_normal_pe,dev_test_mock_final_bundle
dev_test_multiple_components_101,dev_test_multiple_components_101_bundle
dev_test_nemo_segments,dev_test_nemo_segments
dev_test_nlp_pe,dev_test_nlp_pe
dev_test_normal2_pe,dev_test_normal2_bundle
dev_test_normal3_pe,dev_test_normal3_bundle
dev_test_phase2_practice,dev_test_phase2_106_bundle
dev_test_phase2_108_practice,dev_test_phase2_108_bundle
dev_test_product_migration_004_pe,dev_test_product_migration_004_bundle
dev_test_product_migration_005_pe,dev_test_product_migration_005_bundle
dev_test_retry_logic,dev_test_retry_logic
dev_test_test_10001,dev_test_test_10001_bundle
dev_test_pe_7feb20,dev_test_umb_7feb20
dev_test_pe_03,dev_test_umbrella-03
dev_test_pe_143,dev_test_umbrella15
dev_test_umbrella_01_olp,dev_test_umbrella_01
dev_test_umbrella_02_olp,dev_test_umbrella_02
dev_test_umbrella_03_olp,dev_test_umbrella_03
dev_test_umbrella_04_olp,dev_test_umbrella_04
dev_test_pe1_1dec,dev_test_umbrella_dec1
dev_umb_cat_09apr2021_1,dev_umb_cat_09apr2021_1
devgatingpe,devgating
devpe6july,devpe6july
cqa_messagetest_1,devtest-15thoct
devtest-taruna-27sept,devtest-taruna-27
devtest4april,devtest01april
devtest0505pe1,devtest0505bundle
testdev0408,devtest0508
devtest05apr,devtest05apr
devtest06july,devtest06july
blue_petest_28_04_01,devtest06may
devtest-30-april,devtest06mayy
devtest08082020,devtest08082020-bundle
devtest0831,devtest0831bundle
test5671281,devtest0909
devtest1008,devtest1008
devtest12aprlpe,devtest12aprlbundle
devtest15july,devtest15july
devtest15octpe2,devtest15octbundle2
devtest15septpestudent,devtest15septstudent
devtestpe19th,devtest19th
devtest1feb2021_pe,devtest1feb2021_bundle
devtest20may_dontuse_pe,devtest20may_dontuse
devtest20septpe,devtest20septpe
devtest21aprilpe,devtest21aprilpe
devtest21junepe,devtest21junebundle
devtest20octpe,devtest22octbundle
devtest24aug2pe,devtest24aug2bundle
devtest26marpe01,devtest26marbundle01
devtest27apr,devtest27apr
devtest27pe,devtest27pebundle
devtest28septpee,devtest28septumbrella
devtest29marchpe,devtest29marchbundle
devtest30,devtest30
devtest30copy8dec,devtest30ebook
devtest30mar01pe,devtest30mar01bundle
test1345432,devtest34567
devtest3augpe,devtest3augbundle
devtest5,devtest5umbrella
devtest6decpe,devtest6decbundle
devtest6decpe3,devtest6decbundle3
devtest7decpe1,devtest7decbundle1
devtest7decpe3,devtest7decbundle2
devtest7maype,devtest7maybundle
clone_pe_01,devtest_01
devtest08apr,devtest_08apr
devtest_18,devtest_19th
devtest_21,devtest_21
devtest_23apr,devtest_23apr
devtest_24th,devtest_24th
devtest25march122,devtest_25march_01
devtestpe5,devtest_comp_limit_3feb
devtest_fargate_pe,devtest_fargate_bundle
devtest_meta_pe_test,devtest_meta_bundle_test
devtest_not_visible_pe,devtest_not_visible_bundle
devtest_sakshi_pe,devtest_sakshi_umbrella_product
devtestbassmigration,devtestbassmigration
devtestcoverpe,devtestcoverbundle
devtest_16,devtestfeb_19
devtestingestionfromasgardpe,devtestingestionfromasgardbundle
c1mocktest4l2,devtestmockgated
devtestnodeupdatepe,devtestnodeupdatebundle
devtestnodeupdated,devtestnodeupdatedbundle
devtestnov20pe,devtestnov20bundle
devtestoct15test,devtestoct15bundle
devtest0807,devtestpetest
devtestproductpe,devtestproduct
devtestsept1mock,devtestsept1bundle
devtestsmoketest21julpe,devtestsmoketest21julbundle
activationpetest,downloadableassettest
ebook_umbrella_product2_pe,ebook_umbrella_product2
peforumbrellproductwithebook,ebookandpeub
ebooktest,ebookbundle
empowertest,empower-2june
empowertest1,empower-test
unitprogress1,empowerproduct14june2021
unitprogresstestcompass,empowertestcompass
enagage_dev_test_pe,enagage_dev_test_bundle
competency1leveltest,estimatedcefrtoc1
uproduct_01_epe,ev1_uproduct_01
evolve_l2,evolve_l2_bundle
practiceextra816191,evumsmpl5test
testproduct1pe8619,evumsmpl5testproduct1
ext-xapi-openended-bundle,ext-xapi-openended-bundle
practiceextra11,externallinkdemo
practiceextra12,externalresourcestestpoductprint85
extevalonepartpt,extevalonepartumbrella
febcoqpe1,febcoqtwope
finaltest1,finaltest
flagtestpe1,flagtetbundle
coqpe,forcoq
forlocalatest1,forlocala
fullscreen,fullscreen_demo
fullscreencode,fullscreenbundlecode
penkd,gatedda
gatedtile,gatedtile_bundle
cqa_pe_umbrella_1,gating1
getattissuepe1,getattissue
a_comproqa_hlp_22april19_2,github product - 6-1-20 - bc
gkaur09876,gkaur09876
groupenabledpe2,groupdisabledumbrella
groupenabledpe3,groupenabledumbrella
guwhbepel3,guwhbel3
devtest_24hello,hello24
hello_error,hello_error_bundle
hello_error_pe2,hello_error_bundle2
hello_world_pe,hello_world_all_product
dev_test_teacher_component,hello_world_teacher_training
helloworld25march,helloworld25march2
hiddenrbpe1,hiddenrb
identity_test_product_pe,identity_test_product
identity_umbrella_product1_pe,identity_umbrella_product1
ielts_anchor_tests,ielts_anchor_bundle
ielts_pe,ielts_bundle
ielts_reading_clone,ielts_bundle_dummy
ielts_reading_v2,ielts_bundle_v2
ielts_reading_devtest_halo,ielts_devtest_halo
anchor-test,ielts_free_achor_test_bundle
ielts_listening_taruna_clone,ielts_intelligence_copy
ielts_reading_tests,ielts_test_components
ielts_learning_reading,ielts_umbrella_product_new
gagneet_reading,ieltsnewuserjourney
integ_pe_product1,integ_collab_multicomponent_p1
integ_collab_product_pe1,integ_collab_product_1
smart_ingestion_practice_extra,intelligent_publishing
samplepracticeextra1,into_umbrella
isbnupdatecheckpe,isbnupdatecheck
learning-practice-extra18-7-2022,july18-2022
julydevpe,julydevtest
activityjump,jumpissue
pelargeuniqueasset,largeassettest
learning-practice-extra9-8-22,learning-9-8-22
learning-practice-extra23-12-21,learning-builder-23-12-21
learning-practice-extra1-8-22,learning-practice-extra-1-aug-2022
learning-practice-extra13-12-21,learning_umbrella_13dec21
ventures,life_adventures_test
limitbundle1pe1,limitbundle1
lo_test_pe_clone,lo_test_umbrella_clone
macumbrella01pe,macumbrella01
manpreetmockl0,manpreetmockproduct
demotestcomp,marking_compass
l1pemc3unreleased,mc_test_sprint55_unreleased
metadatatestbundle1pe,metadatatestbundle1
migration_testing_qa01_pe,migration_testing_qa01
mmatest1,mma1
mmatest2,mma2
testwithprodskill,mma3
mmatestproductqaonly_pe,mmatestproductqaonly
mmateststagingonlype1,mmateststagingonly
mocktest2dec,mockdecumbrella
advl1mocktest,mockl1umbrella
compass-multi-mock,mocktestmulticomp
mqa_1april19_test1,mqa_1april19_test1_bundle
mqa_cqa_hlp_7m3kh,mqa_cqa_hlp_7m3kh_bundle
mqa_cqa_hlp_9pgd3,mqa_cqa_hlp_9pgd3_bundle
mqa_cqa_hlp_g9e5o,mqa_cqa_hlp_g9e5o_bundle
mqa_cqa_hlp_l1zqp,mqa_cqa_hlp_l1zqp_bundle
mqa_cqa_hlp_lxynj,mqa_cqa_hlp_lxynj_bundle
mqa_cqa_hlp_mxj18,mqa_cqa_hlp_mxj18_bundle
mqa_cqa_hlp_ng5tf,mqa_cqa_hlp_ng5tf_bundle
mqa_testproduct1mar21,mqa_testproduct1mar21
mqa_pe_10oct19_1,mqa_umbrella_10oct19_1
mqa_pe_10oct19_2,mqa_umbrella_10oct19_2
mqa_pe_15jul20_1,mqa_umbrella_15jul20_1
mqa_pe_16jul_1,mqa_umbrella_16jul_1
uproduct_01_mpe,mqa_uproduct_01
nlpsecondarypedev,mqaupfornlpsecondary
msmocktestl1,msgatedall
pems,msmockall
multi_component_product_1,multi_component_test_bundle
devmultiattemptstest1,multiattempttest
multicomponent01pe02,multicomponent01
multicomponentprod1pe1,multicomponentprod1
multicompumbrellaproductpe,multicompumbrellaproduct
multipe1,multiplepe
practiceextrstest1,multiplepetotest
multiplepraticeextra1,multipleumbrella2022
multiplepraticeextra2,multipleumbrella22022
multiumbrellape1,multiumbrella1
mutntpe1,mutnt
mutntsstest1,mutnt-ss-one
tntsspe1,mutntss2
testpackagehello,mytestpackage
nadminproduct1pe,nadminproduct1
nemo2201pe1,nemo2202
pe_test_05,nemo5099
nemo_6975_visibility_test_22_mar_pe_visible,nemo_6975_visibility_test_22_mar
nemo_7558_pe_test_1,nemo_7558_umb_test_1
devtestapril01,new01apr
new_practice_extra_sarthak,new_bundle_training_sarthak
compass_nlp,new_content_product
compass_nlp_23,new_content_product_2
new_practice_extra_2,new_product_ultra_pro
comproqa_pe15,newbuilderbundle
newtestcomp,newcompasstestcomp
newpe1flagtest,newflagtestproduct
newprimarylevel1,newprimarylevel1product
newteachertraining01pe,newteachertraining01
devtest10august2,newtestdev
newumbrella05pe,newumbrella05
newumbrella06,newumbrella06
nitish_shubham,nitshubh
nkd01jul21ape1,nkd01jul21a
compmockadvlit1,nkd01sep22a
nkd03jan22pe,nkd03jan22
nkd03nov21pe1,nkd03nov21
nkd09may22ape,nkd09may22a
nkd09may22bpe,nkd09may22b
nkd09may22c,nkd09may22c
nkd10augapt,nkd10auga
nkd12feb2021pe,nkd12feb2021
nkd1611556900973pe,nkd1611556900973
nkd23aug21ape1,nkd23aug21a
nkdcollabpe1,nkd28may22a
nkd28may22pe1,nkd28may22b
nkd9nov21pe1,nkd9nov21
nkdempowerpe,nkdempower1
nkdmuc01,nkdmuc01
nkdmuc11,nkdmuc02
adultneutralpe1,nkdneutraladult1
primaryneutralpe1,nkdneutralprimary
secondaryneutralpe1,nkdneutralsecondary1
nkd9junepeg1,nkdshowcase1
nkd9junepeg2,nkdshowcase2
nkdtntpe,nkdtnt
nkdtntpe1,nkdtntoct22a
nlp_generic_test_23dec19_1_pe,nlp_generic_test_23dec19_1
nlp_generic_test_primary1_23dec19_1_pe,nlp_generic_test_primary_23dec19_1
nlp_test02pe,nlp_test02
nlp_test03pe,nlp_test03
nlp_test04pe,nlp_test04
nlp_test05pe,nlp_test05
nlp_test06pe,nlp_test06
nlp_test07pe,nlp_test07
nlp_test08pe,nlp_test08
nlp_test09pe,nlp_test09
nlp_test10,nlp_test10
nlp_test_1_comp,nlp_test_1
nlpcompro_migtest_01pe,nlpcompro_migtest_01
nlpcompro_migtest_02,nlpcompro_migtest_02
nlpsecondarytestpe1,nlpsecondarytest1
nocoverimagtest,nocoverimage
testpracticeextracomponentcompass34343,non-scoreablebundle
non_mqa_pe_1,non_mqa_product_1
nonmqa_pe_1,nonmqa_mock_umbrella_1
nonmqa_practice_extra_1,nonmqa_product1
nonmqa_ptas_pe_18feb2022_1,nonmqa_ptas_product_18feb2022_1
nonmqa_tt_pe_15dec2021_1,nonmqa_tt_umbrella_15dec2021_1
nonmqa_pe_12aug2021_1,nonmqa_umbrella
nonmqa_pe_01april2021_1,nonmqa_umbrella_01april2021_1
nonmqa_pe_14jan2022_1,nonmqa_umbrella_14jan2022_1
nonmqa_pe_25march2021_1,nonmqa_umbrella_25march2021_1
nonmqa_pe_29july2022_1,nonmqa_umbrella_29july2022_1
nonmqa_pe_component_1,nonmqa_umbrellaproduct_1
nonmqabundle1pe1,nonmqabundle1
noresults,noresultsbundle
peforebooktestgeneraluser,normaluserumbrellaforebooktest
notificationtestproductpe,notificationtestproduct
olp_mocktest_product_pe,olp_mocktest_product
olp_mocktest_product_11sep_pe1,olp_mocktest_product_11sep
olp_mocktest_product_final,olp_mocktest_product_final
olp_test01_pe,olp_test01
olp_test02_pe,olp_test02
olp_test03_pe_ad,olp_test_03
olp_test_04_pe_two_level,olp_test_04
olp_test05_pe_three_level,olp_test_05
mock_test_comp_l1,open_world_l1
mock_c1_l2_copy,open_world_l2
dev_test_pe_aug_17,owa_nkd
pe_rb_limitincrease_pe1,pe_rb_limitincrease
pelimitbundle1_pe1,pelimitbundle1
pelimitumbrellaproductpe1,pelimitumbrellaproduct
comproqa_hlp_5dec18_test1,perftest_bundle1
comproqa_hlp_5dec18_test1_2,perftest_bundle1_2
primarype,pkprimary
ppskill,pkpskills
pmd_pe_gqvw9,pmd-3hczp
pmd_pe_kuyu4,pmd-4f59b
pmd_pe_ytia9,pmd-5zv0x
result_screen_mc_new_pe2,pmd-d9iwq
pmd_pe_oc1ea,pmd-vua7t
pk-pe1,praveen_umbrella_product
presentation_plus_test_pe_1,presentation_plus_test_umb_product_2_june_1
primary-lp1,primary-lp1
primary-lp2,primary-lp2
primary_l1_pe_mc,primary_path_l1_mc
secondarypartofprimarysecondary,primarysecondarythorh
cat-pe,prod-categories
pe15apr,prod15apr
prodmigrate01pe,prodmigrate01
prodmigrate02pe,prodmigrate02
prodmigrate03pe,prodmigrate03
prodmigrate04pe,prodmigrate04
prodtestcomp,prodtestbundle
new-cat-pe,product_with_categories
limitpe1,productlimit
prodwithoutlppe,prodwithoutlp
ps_skill_audio,ps_demo
psinpeonelevel,psinpeproduct
psintestt2,psintest
pskillwritingtest,pskillproduct
pskillunderpracticetest,pskillproductundertest
onelevelps,psonelevel
psskillcompass2,psskillcompass2
twolevelps,pstwolevel
qa_compass_testproduct_pe,qa_compass_testproduct
qa_test_product_pe1,qa_test_product
practicetest1,qa_testcomponent_1
qa_umbrella_jun9_1_test,qa_umbrella_jun9_1
qaclonetestpe1,qaclonetestumbrella1
qatest82pe,qatest82prod
qatestproduct11apr22pe,qatestproduct24apr22
qatestproduct4apr22pe,qatestproduct4apr22
raki-10oct-01,raki-04oct-01
ravi-25-may,ravi-25-may
cqa_march10_anil_pe1,ravi-kumar-15march
ravi-test-01-feb,ravi-test-01-feb
ravi-test-12-may,ravi-test-12-may
ravi-test-18-march,ravi-test-19-march
ravi-test-2-aug,ravi-test-2-aug
ravi-test-january-22january,ravi-test-21-jan
ravi-test-23-july-2,ravi-test-umbrella-23-july
ravi-test-10-march,ravi-umbrella-product
rb_umbrellatest_pe,rb_umbrellatest
rbtestumbrellaproductpe1,rbtestumbrellaproduct
readinganduseofenglishtest,readinganduseofenglish
remedial,remedial
productiveremedial,remedialproductiveskill
remedialtestumbrellaproducttest1,remedialtestumbrellaproduct
pskillnlptwolevel,resourcebankproduct
practice_extra_1,resources_visibility_test_7_apr_1
result-screen_mc_pe1,result_primary__l1_mc
resut_screen_reviewmode,resutscreenreviewmodeproduct
retrofitoneskilltest,retrofitcompasstest
rptestbundlep1,rptestbundle
rptestbundle2pe1,rptestbundle2
s3-transfer-101,s3-transfer-101_bundle
nemo-2597,sachin-nemo-2597
sachin-training,sachin-training
sadminproduct1pe,sadminproduct1
sametest1,sametestumbrella
dev_test_117june_pe-v2,sample-umb_prod_17june_test
sampleprod_dev,sampleumbrella_dev
node_version18,sampleumbrellaproduct
schoolcefrreportcomponent,schoolcefrreportbundle
secondary-lp1,secondary-lp1
secondary-lp2,secondary-lp2
secondary-test-2,secondary-test-2
secondarype,secondarybundle
secondarytest1,secondarybundleforsecondary
comproqasecondarygroupthor,secondaryproductwithgroupenabled
self_study_qa_product_test3,self_study_qa_product
selfstudypracticetest,selfstudypracticetestproduct
sentrytestpe,sentrytestbundle
sequencetestproductpe,sequencetestproduct
sp_learner_component,shareprogress_umbrella
siddharth_test_1,siddharth_umbrella_prioduct
skinning_product,skinning_umbrella
speakingtest2,speakingproductproductiveskilss
speakingtest1,speakingskillsproduct
speech_l1_pe,speech_l1
pespeechnewproducts,speechtest
sprint87pe,sprint87bundle
sprint_80_teacher_gated_pe,sprint_80_teacher_gated
devtest-new-old,taruna-test-6-sept
practice_component1,taruna_21may
tarunatest_3jan,taruna_test_family_3jan
tmark-test2level,teacher-marking-product
dev_test_pe01,teacherresourcesbundle
teachertraining01pe,teachertraining01
teachertrainingnovbundle2pe2,teachertrainingnovbundle2
Unknown,test-july-16-2020
testnlpproduct,test-nlp-product
mocktest,test-product
test-product-qa,test-school-feature
test20febpe,test20feb
test21oct21pe1,test21oct21
test22oct21pe1,test22oct21
pe24th,test24th
test_123_124,test_12345_1
test_bundleproduct1pe,test_bundleproduct1
test_bundleproduct2_pe,test_bundleproduct2
test_bundleproduct3pe,test_bundleproduct3
test_bundleproduct4pe,test_bundleproduct4
test_colab_task,test_colab_task
test_dev_vipul_pe,test_dev_vipul_umbrella
test_path_in_bundle_tg,test_path_in_bundle
testgroup1,test_pi_802051
test_product_author_pe,test_product_author
compass_mock_test,test_product_compass
practice_extra_one,test_product_for_records
compassmtscorable1,test_train_cover
newtestcomppe,test_train_cover2
test_tt_pe_10oct19_1,test_tt_umbrella_10oct19_1
testpenov,test_umbrella
test_pe_10oct19_1,test_umbrella_10oct19_1
test_pe_10oct19_2,test_umbrella_10oct19_2
test_pe_10oct19_3,test_umbrella_10oct19_3
test_pe_10oct19_4,test_umbrella_10oct19_4
test_pe_18oct19_1,test_umbrella_18oct19_1
testpe1,test_umbrella_product
testandpeumbrella_pe1,testandpeumbrellaproduct
compassmockrltestandtrain,testandtraintests
testcompumbmt,testcompumbrella
testproductuserprogress,testcompuserprogressflag
testdescription,testdescription_bundle
test_practice_extra,testing_courses_bundle
testingbundle1,testingbundle1
testissueprod01,testissueprod01um
testissueprod02,testissueprod02um
testmetadatabundlepe,testmetadatabundle
testonlyumbrellaproducttest1,testonlyumbrellaproduct
testprod_28dec20pe1,testprod_28dec20
testprod_28dec20pe0,testprod_28dec20new
url_prevent,testproduct-url-activation
testproduct11feb,testproduct11feb
peforeooktest2,testproductforebook1
testproduct1df,testsproductsforca
practiceextra2,testtraincover3
testtype1,testtypesegment
testumbrellape1,testumbrellabundle
mstestcomponent,testumbrellaproduct
testusername,testusername
dev_dont_touch,this_is_my_course_dont_touch
timerangetestpe,timerangetest
pett,tm1
tnt3may21tc,tnt3may21
tntabilityct,tntability1
tooltestumbrellaproduct1pe1,tooltestumbrellaproduct1
tooltestumbrellaproduct2pe1,tooltestumbrellaproduct2
tooltestumbrellaproduct3pe1,tooltestumbrellaproduct3
tooltestumbrellaproduct4pe1,tooltestumbrellaproduct4
tooltestumbrellaproduct5pe1,tooltestumbrellaproduct5
trainingpracticeextra1,trainingbundle1
twolevelpsintestfirst,twolevelpsintest
umpe72020,um72020
um720202,um720202
um_nlp_prim_pe,um_nlp_prim
um_nlp_secondary_pe,um_nlp_secondary
um_pe_up,um_up
pe_cos33_replication_9oct,umb_cos33_replication_9oct
umb_orid_sample_9_june_phhase_2_pe,umb_orid_sample_9_june_phhase_2
pe_suppissue_9oct,umb_suppissue_9oct
test-copy-clone,umbrella-resource-practice
clonefinal,umbrella-srb-demo
dev_test_pe_17mar22,umbrella17march2022
pe_coverimage1,umbrella_coverimage1
umbrella_lti_pe_1,umbrella_lti_product_1
practice_extra_26oct2020_1,umbrella_product_26oct2020_1
pe_product_with_large_name_for_testing_12345678910,umbrella_product_with_large_name_for_testing_12345
umbrella_test_product_01_pe,umbrella_test_product_01
umbrella_test_product_02,umbrella_test_product_02
pe1942020,umbrelladevtest
umbrellaprod_5dec20pe1,umbrellaprod_5dec20
generalpeforebook,umbrellaproductgeneralpeandebook
testtypecomp,umbrellatestcomp
unreleasedproduct,unreleasedbundle
up_ci_test_01_pe,up_ci_test_01
up_eb_pe_01,up_eb_pe
pe_with_image,up_image_pe_image
pe_img_test,up_img_test_01
lp_pe_1,up_lp_pe
pe_with_img,up_no_img
pe_test_01,up_pe_test
vartika-15-may,vartika-15-may
versionumbrellape1,versionumbrella
veryshortdescpe,very-short-desc-test
vinaycreateassignmentcomponent,vinaycreateassignmenttest
vinaypractice1,vinaysumbrella1
vinaycompetencylisten,vinaytesttype
visibility_prior_activation_flag_test_pe_17_aug,visibility_prior_activation_flag_test_umb_17_aug
visibilityoptionsumbrellaproductpe,visibilityoptionsumbrellaproduct
visibilitytest10augpe,visibilitytest10aug
visibilitytestaug11umbrella1pe1,visibilitytestaug11umbrella1
visiblepe1,visibleproduct1