Email or Username,Activation code
perfchild_act_0410_s1_3001,L93Z-NLNK-WV6T-M8WY
perfchild_act_0410_s1_3002,37V6-EZE2-KYDF-5V6J
perfchild_act_0410_s1_3003,K4XV-N8NZ-KREB-DWDX
perfchild_act_0410_s1_3004,83VX-7L7J-M28B-J7YN
perfchild_act_0410_s1_3005,49V8-EDE6-W73T-LDKN
perfchild_act_0410_s1_3006,X9L7-ZQZX-V5KT-VWMQ
perfchild_act_0410_s1_3007,L93Z-NLNK-WV6T-LVJ7
perfchild_act_0410_s1_3008,7WQM-7873-92DF-XQXV
perfchild_act_0410_s1_3009,R9Z7-6Y6L-V2XT-5LJZ
perfchild_act_0410_s1_3010,R9Z7-6Y6L-V2XT-RMKZ
perfchild_act_0410_s1_3011,R9Z7-6Y6L-V2XT-VMD7
perfchild_act_0410_s1_3012,WY87-W2WM-V56F-2Y6L
perfchild_act_0410_s1_3013,Y59N-W7WQ-86VS-5DKZ
perfchild_act_0410_s1_3014,Q8Z7-N4NJ-32MB-ZNWR
perfchild_act_0410_s1_3015,E8ZV-N7NM-X39B-KJDD
perfchild_act_0410_s1_3016,K4XV-N8NZ-KREB-L6X8
perfchild_act_0410_s1_3017,49V8-EDE6-W73T-N4YX
perfchild_act_0410_s1_3018,Y59N-W7WQ-86VS-4R8D
perfchild_act_0410_s1_3019,Y59N-W7WQ-86VS-MRJ8
perfchild_act_0410_s1_3020,6XV9-757J-L2DB-X36Y
perfchild_act_0410_s1_3021,E8ZV-N7NM-X39B-R8DK
perfchild_act_0410_s1_3022,NXYQ-NMNR-D28B-68DL
perfchild_act_0410_s1_3023,R9Z7-6Y6L-V2XT-3QKJ
perfchild_act_0410_s1_3024,6XV9-757J-L2DB-25MX
perfchild_act_0410_s1_3025,49V8-EDE6-W73T-KDWM
perfchild_act_0410_s1_3026,NXYQ-NMNR-D28B-ML2K
perfchild_act_0410_s1_3027,NXYQ-NMNR-D28B-XQK8
perfchild_act_0410_s1_3028,37V6-EZE2-KYDF-QV2J
perfchild_act_0410_s1_3029,83VX-7L7J-M28B-YL55
perfchild_act_0410_s1_3030,Y59N-W7WQ-86VS-7RKY
perfchild_act_0410_s1_3031,WY87-W2WM-V56F-YNRW
perfchild_act_0410_s1_3032,49V8-EDE6-W73T-RWWV
perfchild_act_0410_s1_3033,JRMQ-757X-6EYF-JJRE
perfchild_act_0410_s1_3034,2WNE-7V72-6YDF-WMLQ
perfchild_act_0410_s1_3035,ZXM7-ZVZ4-L53B-DWXY
perfchild_act_0410_s1_3036,L93Z-NLNK-WV6T-D6M7
perfchild_act_0410_s1_3037,ME4R-N9NW-D2KB-VVX8
perfchild_act_0410_s1_3038,D9ZV-7Q73-M2LT-RX9N
perfchild_act_0410_s1_3039,NXYQ-NMNR-D2DU-MMR8
perfchild_act_0410_s1_3040,D9ZV-7Q73-M2MA-L869
perfchild_act_0410_s1_3041,5JV3-WRWX-828C-Q8QW
perfchild_act_0410_s1_3042,JRMQ-757X-6E6S-3D2X
perfchild_act_0410_s1_3043,E8ZV-N7NM-X3XU-4EY8
perfchild_act_0410_s1_3044,V9Z7-2W2N-V5VA-NV7D
perfchild_act_0410_s1_3045,7WQM-7873-929S-ZQMY
perfchild_act_0410_s1_3046,WY87-W2WM-V5VS-4988
perfchild_act_0410_s1_3047,D9ZV-7Q73-M2MA-MYR4
perfchild_act_0410_s1_3048,JRMQ-757X-6E6S-LN42
perfchild_act_0410_s1_3049,L93Z-NLNK-WVWA-L94Y
perfchild_act_0410_s1_3050,983J-797Y-XDXU-ZJZ7
perfchild_act_0410_s1_3051,983J-797Y-XDXU-6MJJ
perfchild_act_0410_s1_3052,JRMQ-757X-6E6S-NE2D
perfchild_act_0410_s1_3053,983J-797Y-XDXU-577R
perfchild_act_0410_s1_3054,6XV9-757J-L2LU-ZLQX
perfchild_act_0410_s1_3055,Q8Z7-N4NJ-323U-5W4Y
perfchild_act_0410_s1_3056,5JV3-WRWX-828C-3X94
perfchild_act_0410_s1_3057,Y59N-W7WQ-868T-MV7J
perfchild_act_0410_s1_3058,ME4R-N9NW-D2DU-2Y9K
perfchild_act_0410_s1_3059,Y59N-W7WQ-868T-M3ZW
perfchild_act_0410_s1_3060,ME4R-N9NW-D2DU-DY4X
perfchild_act_0410_s1_3061,7WQM-7873-929S-9MYN
perfchild_act_0410_s1_3062,D9ZV-7Q73-M2MA-9XZL
perfchild_act_0410_s1_3063,Q8Z7-N4NJ-323U-3VVE
perfchild_act_0410_s1_3064,2WNE-7V72-6Y6S-7YZE
perfchild_act_0410_s1_3065,R9Z7-6Y6L-V2VA-77VZ
perfchild_act_0410_s1_3066,JRMQ-757X-6E6S-9DYR
perfchild_act_0410_s1_3067,5JV3-WRWX-828C-XMMK
perfchild_act_0410_s1_3068,49V8-EDE6-W7WA-Z472
perfchild_act_0410_s1_3069,X9L7-ZQZX-V5VA-J58X
perfchild_act_0410_s1_3070,E8ZV-N7NM-X3XU-Z62N
perfchild_act_0410_s1_3071,V9Z7-2W2N-V5VA-3WW9
perfchild_act_0410_s1_3072,D9ZV-7Q73-M2MA-QWV6
perfchild_act_0410_s1_3073,V9Z7-2W2N-V5VA-LE5D
perfchild_act_0410_s1_3074,R9Z7-6Y6L-V2VA-KZLN
perfchild_act_0410_s1_3075,49V8-EDE6-W7WA-N57Y
perfchild_act_0410_s1_3076,ZXM7-ZVZ4-L5LU-KYRD
perfchild_act_0410_s1_3077,K4XV-N8NZ-KRKU-4Y9L
perfchild_act_0410_s1_3078,K4XV-N8NZ-KRKU-65J4
perfchild_act_0410_s1_3079,E8ZV-N7NM-X3XU-7QK9
perfchild_act_0410_s1_3080,5JV3-WRWX-828C-739V
perfchild_act_0410_s1_3081,2WNE-7V72-6Y6S-536R
perfchild_act_0410_s1_3082,37V6-EZE2-KYKS-993J
perfchild_act_0410_s1_3083,WY87-W2WM-V5VS-4V93
perfchild_act_0410_s1_3084,Y59N-W7WQ-868T-Z567
perfchild_act_0410_s1_3085,37V6-EZE2-KYKS-V3K6
perfchild_act_0410_s1_3086,Y59N-W7WQ-868T-EQJ9
perfchild_act_0410_s1_3087,E8ZV-N7NM-X3XU-49QR
perfchild_act_0410_s1_3088,ME4R-N9NW-D2DU-4E88
perfchild_act_0410_s1_3089,Y59N-W7WQ-868T-ZV4K
perfchild_act_0410_s1_3090,983J-797Y-XDXU-9EK3
perfchild_act_0410_s1_3091,83VX-7L7J-M2MU-YQ3J
perfchild_act_0410_s1_3092,37V6-EZE2-KYKS-LZ62
perfchild_act_0410_s1_3093,Q8Z7-N4NJ-323U-8DYW
perfchild_act_0410_s1_3094,D9ZV-7Q73-M2MA-MWRD
perfchild_act_0410_s1_3095,ZXM7-ZVZ4-L5LU-8Z8V
perfchild_act_0410_s1_3096,ME4R-N9NW-D2DU-2N36
perfchild_act_0410_s1_3097,2WNE-7V72-6Y6S-KDZ3
perfchild_act_0410_s1_3098,D9ZV-7Q73-M2MA-JWZL
perfchild_act_0410_s1_3099,2WNE-7V72-6Y6S-W2V8
perfchild_act_0410_s1_3100,Y59N-W7WQ-868T-5Y43
perfchild_act_0410_s1_3101,X9L7-ZQZX-V5VA-QE74
perfchild_act_0410_s1_3102,X9L7-ZQZX-V5MB-463W
perfchild_act_0410_s1_3103,6XV9-757J-L2RH-XYDY
perfchild_act_0410_s1_3104,49V8-EDE6-W7RB-RWW4
perfchild_act_0410_s1_3105,83VX-7L7J-M2RH-LYKY
perfchild_act_0410_s1_3106,X9L7-ZQZX-V5MB-XL32
perfchild_act_0410_s1_3107,83VX-7L7J-M2RH-MDK8
perfchild_act_0410_s1_3108,NXYQ-NMNR-D24H-EN35
perfchild_act_0410_s1_3109,K4XV-N8NZ-KR3H-L7DW
perfchild_act_0410_s1_3110,7WQM-7873-92RT-X452
perfchild_act_0410_s1_3111,ME4R-N9NW-D2JH-E278
perfchild_act_0410_s1_3112,V9Z7-2W2N-V5LB-MN93
perfchild_act_0410_s1_3113,49V8-EDE6-W7RB-ZE4X
perfchild_act_0410_s1_3114,983J-797Y-XDRH-3QRQ
perfchild_act_0410_s1_3115,983J-797Y-XDRH-3WJE
perfchild_act_0410_s1_3116,ZXM7-ZVZ4-L5JH-R3W7
perfchild_act_0410_s1_3117,D9ZV-7Q73-M26B-558Q
perfchild_act_0410_s1_3118,6XV9-757J-L2RH-25Y4
perfchild_act_0410_s1_3119,Y59N-W7WQ-86XA-J8ZY
perfchild_act_0410_s1_3120,2WNE-7V72-6YRT-D5NQ
perfchild_act_0410_s1_3121,X9L7-ZQZX-V5MB-7K69
perfchild_act_0410_s1_3122,D9ZV-7Q73-M26B-RQNY
perfchild_act_0410_s1_3123,R9Z7-6Y6L-V2KB-29L7
perfchild_act_0410_s1_3124,49V8-EDE6-W7RB-MN9N
perfchild_act_0410_s1_3125,X9L7-ZQZX-V5MB-VYV3
perfchild_act_0410_s1_3126,49V8-EDE6-W7RB-8D5L
perfchild_act_0410_s1_3127,6XV9-757J-L2RH-XQZR
perfchild_act_0410_s1_3128,ME4R-N9NW-D2JH-3D36
perfchild_act_0410_s1_3129,L93Z-NLNK-WVXB-8V3R
perfchild_act_0410_s1_3130,E8ZV-N7NM-X3KH-2DR9
perfchild_act_0410_s1_3131,2WNE-7V72-6YRT-NWRJ
perfchild_act_0410_s1_3132,6XV9-757J-L2RH-ZVE3
perfchild_act_0410_s1_3133,R9Z7-6Y6L-V2KB-X8Q5
perfchild_act_0410_s1_3134,NXYQ-NMNR-D24H-R62D
perfchild_act_0410_s1_3135,983J-797Y-XDRH-3M4Q
perfchild_act_0410_s1_3136,E8ZV-N7NM-X3KH-KLMK
perfchild_act_0410_s1_3137,NXYQ-NMNR-D24H-2Y7B
perfchild_act_0410_s1_3138,V9Z7-2W2N-V5LB-L345
perfchild_act_0410_s1_3139,E8ZV-N7NM-X3KH-KY26
perfchild_act_0410_s1_3140,37V6-EZE2-KY3T-VDL2
perfchild_act_0410_s1_3141,7WQM-7873-92RT-RDD2
perfchild_act_0410_s1_3142,K4XV-N8NZ-KR3H-DEDQ
perfchild_act_0410_s1_3143,NXYQ-NMNR-D2KC-D3WY
perfchild_act_0410_s1_3144,ZXM7-ZVZ4-L5RC-DZR4
perfchild_act_0410_s1_3145,ME4R-N9NW-D26C-VLXK
perfchild_act_0410_s1_3146,983J-797Y-XDMC-5QZR
perfchild_act_0410_s1_3147,R9Z7-6Y6L-V25U-EDZM
perfchild_act_0410_s1_3148,7WQM-7873-92LA-LD6J
perfchild_act_0410_s1_3149,JRMQ-757X-6E4A-WQ9E
perfchild_act_0410_s1_3150,37V6-EZE2-KYWA-2RZ4
perfchild_act_0410_s1_3151,37V6-EZE2-KYWA-VQ4M
perfchild_act_0410_s1_3152,R9Z7-6Y6L-V25U-VX7L
perfchild_act_0410_s1_3153,Q8Z7-N4NJ-32QC-EYV7
perfchild_act_0410_s1_3154,Q8Z7-N4NJ-32QC-ZRQY
perfchild_act_0410_s1_3155,ME4R-N9NW-D26C-V8XF
perfchild_act_0410_s1_3156,37V6-EZE2-KYWA-5K6K
perfchild_act_0410_s1_3157,V9Z7-2W2N-V5RU-NL92
perfchild_act_0410_s1_3158,L93Z-NLNK-WVEU-L8Q4
perfchild_act_0410_s1_3159,49V8-EDE6-W72U-2L3D
perfchild_act_0410_s1_3160,L93Z-NLNK-WVEU-D29M
perfchild_act_0410_s1_3161,6XV9-757J-L28C-R3M8
perfchild_act_0410_s1_3162,ZXM7-ZVZ4-L5RC-7KEE
perfchild_act_0410_s1_3163,L93Z-NLNK-WVEU-M9KL
perfchild_act_0410_s1_3164,2WNE-7V72-6YKA-8D8Q
perfchild_act_0410_s1_3165,R9Z7-6Y6L-V25U-YV4W
perfchild_act_0410_s1_3166,2WNE-7V72-6YKA-Z6KK
perfchild_act_0410_s1_3167,Y59N-W7WQ-86RB-2RK9
perfchild_act_0410_s1_3168,WY87-W2WM-V5RA-9J7R
perfchild_act_0410_s1_3169,D9ZV-7Q73-M28U-YZZC
perfchild_act_0410_s1_3170,JRMQ-757X-6E4A-VR56
perfchild_act_0410_s1_3171,983J-797Y-XDMC-WJDH
perfchild_act_0410_s1_3172,ZXM7-ZVZ4-L5RC-VY4Y
perfchild_act_0410_s1_3173,D9ZV-7Q73-M28U-ZWX3
perfchild_act_0410_s1_3174,JRMQ-757X-6E4A-8VND
perfchild_act_0410_s1_3175,5JV3-WRWX-82QS-5YWZ
perfchild_act_0410_s1_3176,E8ZV-N7NM-X3LC-4Z8M
perfchild_act_0410_s1_3177,JRMQ-757X-6E4A-M92M
perfchild_act_0410_s1_3178,NXYQ-NMNR-D2KC-QQYX
perfchild_act_0410_s1_3179,ME4R-N9NW-D26C-DM65
perfchild_act_0410_s1_3180,5JV3-WRWX-82QS-MRJX
perfchild_act_0410_s1_3181,983J-797Y-XDMC-RQY2
perfchild_act_0410_s1_3182,37V6-EZE2-KYWA-3356
perfchild_act_0410_s1_3183,L93Z-NLNK-WVEU-66JY
perfchild_act_0410_s1_3184,JRMQ-757X-6E4A-NE76
perfchild_act_0410_s1_3185,5JV3-WRWX-82QS-5RYQ
perfchild_act_0410_s1_3186,Y59N-W7WQ-86RB-ZK6Y
perfchild_act_0410_s1_3187,83VX-7L7J-M29C-LVNW
perfchild_act_0410_s1_3188,983J-797Y-XDMC-D68R
perfchild_act_0410_s1_3189,NXYQ-NMNR-D2KC-W2M7
perfchild_act_0410_s1_3190,Q8Z7-N4NJ-32QC-MWL6
perfchild_act_0410_s1_3191,JRMQ-757X-6E4A-D4ZR
perfchild_act_0410_s1_3192,83VX-7L7J-M29C-L8N5
perfchild_act_0410_s1_3193,ZXM7-ZVZ4-L5RC-8Y85
perfchild_act_0410_s1_3194,5JV3-WRWX-82QS-LKLL
perfchild_act_0410_s1_3195,V9Z7-2W2N-V5RU-8J9X
perfchild_act_0410_s1_3196,83VX-7L7J-M29C-M99N
perfchild_act_0410_s1_3197,37V6-EZE2-KYWA-2LY5
perfchild_act_0410_s1_3198,D9ZV-7Q73-M28U-DELE
perfchild_act_0410_s1_3199,V9Z7-2W2N-V5RU-5QRZ
perfchild_act_0410_s1_3200,7WQM-7873-92LA-5XNW